ID,Trial_Num,laser_power,Painrating
1,1,3.5,0
1,2,4,5
1,3,4,5
1,4,4,5
1,5,4,6
1,6,3.5,3
1,7,3.5,4
1,8,3.5,5
1,9,3.5,5
1,10,4,6
1,11,3.5,4
1,12,4,5
1,13,3.5,5
1,14,4,6
1,15,3.5,5
1,16,3.5,4
1,17,4,5
1,18,4,5
1,19,3.5,5
1,20,4,4
1,21,4,4
1,22,3.5,3
1,23,3.5,7
1,24,3.5,4
1,25,3.5,1
1,26,4,4
1,27,3.5,5
1,28,4,7
1,29,4,5
1,30,4,7
2,1,3.5,4
2,2,4,6
2,3,4,7
2,4,4,2
2,5,4,2
2,6,3.5,3
2,7,3.5,6
2,8,3.5,3
2,9,3.5,1
2,10,4,0
2,11,3.5,2
2,12,4,5
2,13,3.5,1
2,14,4,4
2,15,3.5,2
2,16,3.5,0
2,17,4,2
2,18,4,0
2,19,3.5,1
2,20,4,9
2,21,4,1
2,22,3.5,1
2,23,3.5,2
2,24,3.5,3
2,25,3.5,1
2,26,4,2
2,27,3.5,2
2,28,4,1
2,29,4,2
2,30,4,3
3,1,3.5,5
3,2,4,6
3,3,4,6
3,4,4,5
3,5,4,7
3,6,3.5,2
3,7,3.5,4
3,8,3.5,4
3,9,3.5,1
3,10,4,7
3,11,3.5,1
3,12,4,9
3,13,3.5,2
3,14,4,9
3,15,3.5,4
3,16,3.5,1
3,17,4,4
3,18,4,1
3,19,3.5,1
3,20,4,5
3,21,4,3
3,22,3.5,1
3,23,3.5,4
3,24,3.5,4
3,25,3.5,3
3,26,4,7
3,27,3.5,2
3,28,4,8
3,29,4,3
3,30,4,6
4,1,3,3
4,2,3.5,4
4,3,3.5,5
4,4,3.5,4
4,5,3.5,5
4,6,3,4
4,7,3,2
4,8,3,5
4,9,3,4
4,10,3.5,6
4,11,3,3
4,12,3.5,7
4,13,3,6
4,14,3.5,5
4,15,3,6
4,16,3,7
4,17,3.5,8
4,18,3.5,7
4,19,3,7
4,20,3.5,8
4,21,3.5,5
4,22,3,6
4,23,3,8
4,24,3,5
4,25,3,6
4,26,3.5,7
4,27,3,6
4,28,3.5,6
4,29,3.5,5
4,30,3.5,8
5,1,3.5,3
5,2,4,5
5,3,4,5
5,4,4,6
5,5,4,4
5,6,3.5,5
5,7,3.5,5
5,8,3.5,6
5,9,3.5,5
5,10,4,5
5,11,3.5,3
5,12,4,4
5,13,3.5,5
5,14,4,4
5,15,3.5,5
5,16,3.5,5
5,17,4,4
5,18,4,3
5,19,3.5,5
5,20,4,6
5,21,4,5
5,22,3.5,4
5,23,3.5,4
5,24,3.5,5
5,25,3.5,4
5,26,4,4
5,27,3.5,4
5,28,4,5
5,29,4,4
5,30,4,3
6,1,3.5,5
6,2,4,6
6,3,4,6
6,4,4,4
6,5,4,6
6,6,3.5,3
6,7,3.5,3
6,8,3.5,3
6,9,3.5,2
6,10,4,4
6,11,3.5,2
6,12,4,5
6,13,3.5,4
6,14,4,5
6,15,3.5,4
6,16,3.5,3
6,17,4,5
6,18,4,4
6,19,3.5,2
6,20,4,3
6,21,4,6
6,22,3.5,3
6,23,3.5,2
6,24,3.5,3
6,25,3.5,4
6,26,4,4
6,27,3.5,3
6,28,4,4
6,29,4,4
6,30,4,4
7,1,3,0
7,2,3.5,5
7,3,3.5,6
7,4,3.5,6
7,5,3.5,7
7,6,3,6
7,7,3,3
7,8,3,5
7,9,3,6
7,10,3.5,7
7,11,3,6
7,12,3.5,7
7,13,3,3
7,14,3.5,5
7,15,3,4
7,16,3,3
7,17,3.5,6
7,18,3.5,5
7,19,3,4
7,20,3.5,6
7,21,3.5,5
7,22,3,4
7,23,3,4
7,24,3,5
7,25,3,3
7,26,3.5,5
7,27,3,2
7,28,3.5,5
7,29,3.5,5
7,30,3.5,5
8,1,3,3
8,2,3.5,4
8,3,3.5,4
8,4,3.5,5
8,5,3.5,3
8,6,3,4
8,7,3,2
8,8,3,4
8,9,3,1
8,10,3.5,6
8,11,3,2
8,12,3.5,5
8,13,3,4
8,14,3.5,3
8,15,3,1
8,16,3,1
8,17,3.5,5
8,18,3.5,2
8,19,3,1
8,20,3.5,4
8,21,3.5,4
8,22,3,3
8,23,3,4
8,24,3,3
8,25,3,4
8,26,3.5,3
8,27,3,5
8,28,3.5,2
8,29,3.5,5
8,30,3.5,1
9,1,3,4
9,2,3.5,4
9,3,3.5,5
9,4,3.5,3
9,5,3.5,3
9,6,3,4
9,7,3,3
9,8,3,3
9,9,3,3
9,10,3.5,4
9,11,3,2
9,12,3.5,5
9,13,3,1
9,14,3.5,3
9,15,3,3
9,16,3,2
9,17,3.5,2
9,18,3.5,2
9,19,3,2
9,20,3.5,7
9,21,3.5,3
9,22,3,3
9,23,3,6
9,24,3,5
9,25,3,2
9,26,3.5,4
9,27,3,2
9,28,3.5,4
9,29,3.5,2
9,30,3.5,3
10,1,3.5,4
10,2,4,7
10,3,4,7
10,4,4,8
10,5,4,7
10,6,3.5,6
10,7,3.5,5
10,8,3.5,5
10,9,3.5,6
10,10,4,8
10,11,3.5,4
10,12,4,8
10,13,3.5,5
10,14,4,9
10,15,3.5,4
10,16,3.5,5
10,17,4,9
10,18,4,8
10,19,3.5,5
10,20,4,7
10,21,4,7
10,22,3.5,5
10,23,3.5,5
10,24,3.5,7
10,25,3.5,5
10,26,4,8
10,27,3.5,7
10,28,4,8
10,29,4,7
10,30,4,9
11,1,3.5,3
11,2,4,4
11,3,4,5
11,4,4,4
11,5,4,4
11,6,3.5,4
11,7,3.5,4
11,8,3.5,3
11,9,3.5,4
11,10,4,4
11,11,3.5,3
11,12,4,3
11,13,3.5,3
11,14,4,5
11,15,3.5,2
11,16,3.5,3
11,17,4,6
11,18,4,4
11,19,3.5,0
11,20,4,5
11,21,4,4
11,22,3.5,3
11,23,3.5,3
11,24,3.5,0
11,25,3.5,4
11,26,4,0
11,27,3.5,3
11,28,4,0
11,29,4,3
11,30,4,3
12,1,3.5,5
12,2,4,8
12,3,4,8
12,4,4,7
12,5,4,6
12,6,3.5,5
12,7,3.5,3
12,8,3.5,7
12,9,3.5,6
12,10,4,8
12,11,3.5,7
12,12,4,8
12,13,3.5,9
12,14,4,9
12,15,3.5,4
12,16,3.5,7
12,17,4,9
12,18,4,8
12,19,3.5,7
12,20,4,9
12,21,4,8
12,22,3.5,7
12,23,3.5,4
12,24,3.5,7
12,25,3.5,8
12,26,4,9
12,27,3.5,7
12,28,4,8
12,29,4,8
12,30,4,9
13,1,3,5
13,2,3.5,6
13,3,3.5,7
13,4,3.5,7
13,5,3.5,5
13,6,3,2
13,7,3,5
13,8,3,3
13,9,3,4
13,10,3.5,5
13,11,3,5
13,12,3.5,7
13,13,3,6
13,14,3.5,6
13,15,3,4
13,16,3,3
13,17,3.5,6
13,18,3.5,5
13,19,3,5
13,20,3.5,6
13,21,3.5,5
13,22,3,4
13,23,3,5
13,24,3,3
13,25,3,4
13,26,3.5,3
13,27,3,10
13,28,3.5,5
13,29,3.5,3
13,30,3.5,4
14,1,3,4
14,2,3.5,6
14,3,3.5,5
14,4,3.5,7
14,5,3.5,3
14,6,3,2
14,7,3,3
14,8,3,3
14,9,3,5
14,10,3.5,7
14,11,3,2
14,12,3.5,1
14,13,3,2
14,14,3.5,4
14,15,3,3
14,16,3,3
14,17,3.5,4
14,18,3.5,7
14,19,3,1
14,20,3.5,4
14,21,3.5,4
14,22,3,3
14,23,3,3
14,24,3,4
14,25,3,1
14,26,3.5,3
14,27,3,5
14,28,3.5,7
14,29,3.5,3
14,30,3.5,3
15,1,3,5
15,2,3.5,6
15,3,3.5,7
15,4,3.5,8
15,5,3.5,8
15,6,3,8
15,7,3,7
15,8,3,7
15,9,3,7
15,10,3.5,8
15,11,3,8
15,12,3.5,9
15,13,3,7
15,14,3.5,5
15,15,3,3
15,16,3,8
15,17,3.5,3
15,18,3.5,8
15,19,3,4
15,20,3.5,5
15,21,3.5,4
15,22,3,8
15,23,3,8
15,24,3,7
15,25,3,6
15,26,3.5,4
15,27,3,4
15,28,3.5,8
15,29,3.5,8
15,30,3.5,7
16,1,3,4
16,2,3.5,6
16,3,3.5,6
16,4,3.5,5
16,5,3.5,4
16,6,3,3
16,7,3,3
16,8,3,3
16,9,3,4
16,10,3.5,3
16,11,3,0
16,12,3.5,3
16,13,3,2
16,14,3.5,4
16,15,3,1
16,16,3,2
16,17,3.5,2
16,18,3.5,2
16,19,3,0
16,20,3.5,1
16,21,3.5,3
16,22,3,1
16,23,3,2
16,24,3,3
16,25,3,1
16,26,3.5,4
16,27,3,2
16,28,3.5,5
16,29,3.5,4
16,30,3.5,5
17,1,3,3
17,2,3.5,3
17,3,3.5,3
17,4,3.5,3
17,5,3.5,3
17,6,3,2
17,7,3,3
17,8,3,3
17,9,3,3
17,10,3.5,3
17,11,3,3
17,12,3.5,4
17,13,3,3
17,14,3.5,3
17,15,3,3
17,16,3,3
17,17,3.5,3
17,18,3.5,3
17,19,3,3
17,20,3.5,3
17,21,3.5,4
17,22,3,3
17,23,3,2
17,24,3,2
17,25,3,1
17,26,3.5,4
17,27,3,3
17,28,3.5,3
17,29,3.5,4
17,30,3.5,5
18,1,3.5,2
18,2,4,3
18,3,4,3
18,4,4,1
18,5,4,1
18,6,3.5,2
18,7,3.5,1
18,8,3.5,3
18,9,3.5,3
18,10,4,3
18,11,3.5,1
18,12,4,4
18,13,3.5,1
18,14,4,0
18,15,3.5,1
18,16,3.5,0
18,17,4,1
18,18,4,0
18,19,3.5,0
18,20,4,1
18,21,4,3
18,22,3.5,0
18,23,3.5,1
18,24,3.5,0
18,25,3.5,0
18,26,4,0
18,27,3.5,1
18,28,4,1
18,29,4,2
18,30,4,3
19,1,3,2
19,2,3.5,3
19,3,3.5,2
19,4,3.5,3
19,5,3.5,1
19,6,3,2
19,7,3,1
19,8,3,2
19,9,3,2
19,10,3.5,3
19,11,3,2
19,12,3.5,1
19,13,3,1
19,14,3.5,2
19,15,3,2
19,16,3,1
19,17,3.5,1
19,18,3.5,2
19,19,3,1
19,20,3.5,2
19,21,3.5,2
19,22,3,2
19,23,3,2
19,24,3,1
19,25,3,2
19,26,3.5,3
19,27,3,1
19,28,3.5,2
19,29,3.5,2
19,30,3.5,2
20,1,3,3
20,2,3.5,5
20,3,3.5,0
20,4,3.5,4
20,5,3.5,3
20,6,3,4
20,7,3,1
20,8,3,3
20,9,3,6
20,10,3.5,5
20,11,3,1
20,12,3.5,4
20,13,3,5
20,14,3.5,5
20,15,3,2
20,16,3,3
20,17,3.5,4
20,18,3.5,2
20,19,3,5
20,20,3.5,5
20,21,3.5,4
20,22,3,2
20,23,3,3
20,24,3,4
20,25,3,4
20,26,3.5,5
20,27,3,6
20,28,3.5,1
20,29,3.5,4
20,30,3.5,4
21,1,3,6
21,2,3.5,7
21,3,3.5,4
21,4,3.5,7
21,5,3.5,5
21,6,3,3
21,7,3,4
21,8,3,3
21,9,3,1
21,10,3.5,4
21,11,3,2
21,12,3.5,8
21,13,3,4
21,14,3.5,3
21,15,3,1
21,16,3,3
21,17,3.5,4
21,18,3.5,4
21,19,3,1
21,20,3.5,3
21,21,3.5,5
21,22,3,4
21,23,3,7
21,24,3,3
21,25,3,3
21,26,3.5,3
21,27,3,3
21,28,3.5,5
21,29,3.5,3
21,30,3.5,3
22,1,3,6
22,2,3.5,8
22,3,3.5,8
22,4,3.5,8
22,5,3.5,4
22,6,3,5
22,7,3,3
22,8,3,4
22,9,3,3
22,10,3.5,4
22,11,3,4
22,12,3.5,9
22,13,3,6
22,14,3.5,7
22,15,3,2
22,16,3,6
22,17,3.5,6
22,18,3.5,4
22,19,3,5
22,20,3.5,7
22,21,3.5,6
22,22,3,4
22,23,3,9
22,24,3,5
22,25,3,3
22,26,3.5,8
22,27,3,9
22,28,3.5,6
22,29,3.5,7
22,30,3.5,8
23,1,3.5,4
23,2,4,4
23,3,4,5
23,4,4,3
23,5,4,2
23,6,3.5,6
23,7,3.5,2
23,8,3.5,7
23,9,3.5,2
23,10,4,5
23,11,3.5,3
23,12,4,4
23,13,3.5,5
23,14,4,9
23,15,3.5,3
23,16,3.5,5
23,17,4,7
23,18,4,7
23,19,3.5,9
23,20,4,7
23,21,4,4
23,22,3.5,4
23,23,3.5,3
23,24,3.5,9
23,25,3.5,2
23,26,4,5
23,27,3.5,6
23,28,4,7
23,29,4,5
23,30,4,8
24,1,3,4
24,2,3.5,5
24,3,3.5,3
24,4,3.5,4
24,5,3.5,4
24,6,3,6
24,7,3,2
24,8,3,4
24,9,3,5
24,10,3.5,6
24,11,3,3
24,12,3.5,7
24,13,3,4
24,14,3.5,7
24,15,3,3
24,16,3,2
24,17,3.5,5
24,18,3.5,6
24,19,3,2
24,20,3.5,9
24,21,3.5,5
24,22,3,1
24,23,3,8
24,24,3,8
24,25,3,3
24,26,3.5,6
24,27,3,10
24,28,3.5,3
24,29,3.5,5
24,30,3.5,4
25,1,3,4
25,2,3.5,7
25,3,3.5,8
25,4,3.5,4
25,5,3.5,3
25,6,3,2
25,7,3,3
25,8,3,4
25,9,3,2
25,10,3.5,4
25,11,3,2
25,12,3.5,9
25,13,3,2
25,14,3.5,3
25,15,3,3
25,16,3,3
25,17,3.5,3
25,18,3.5,2
25,19,3,3
25,20,3.5,10
25,21,3.5,3
25,22,3,2
25,23,3,7
25,24,3,5
25,25,3,3
25,26,3.5,3
25,27,3,2
25,28,3.5,6
25,29,3.5,6
25,30,3.5,4
26,1,3,3
26,2,3.5,4
26,3,3.5,3
26,4,3.5,1
26,5,3.5,4
26,6,3,1
26,7,3,1
26,8,3,3
26,9,3,1
26,10,3.5,6
26,11,3,4
26,12,3.5,3
26,13,3,1
26,14,3.5,4
26,15,3,2
26,16,3,3
26,17,3.5,5
26,18,3.5,6
26,19,3,1
26,20,3.5,5
26,21,3.5,1
26,22,3,2
26,23,3,7
26,24,3,4
26,25,3,2
26,26,3.5,2
26,27,3,1
26,28,3.5,2
26,29,3.5,4
26,30,3.5,1
27,1,3,4
27,2,3.5,6
27,3,3.5,5
27,4,3.5,5
27,5,3.5,4
27,6,3,3
27,7,3,3
27,8,3,2
27,9,3,7
27,10,3.5,3
27,11,3,2
27,12,3.5,4
27,13,3,2
27,14,3.5,4
27,15,3,4
27,16,3,4
27,17,3.5,7
27,18,3.5,2
27,19,3,7
27,20,3.5,2
27,21,3.5,0
27,22,3,2
27,23,3,3
27,24,3,1
27,25,3,3
27,26,3.5,0
27,27,3,2
27,28,3.5,0
27,29,3.5,0
27,30,3.5,0
28,1,3,2
28,2,3.5,4
28,3,3.5,7
28,4,3.5,3
28,5,3.5,3
28,6,3,2
28,7,3,2
28,8,3,2
28,9,3,4
28,10,3.5,4
28,11,3,2
28,12,3.5,4
28,13,3,2
28,14,3.5,4
28,15,3,2
28,16,3,2
28,17,3.5,3
28,18,3.5,2
28,19,3,1
28,20,3.5,6
28,21,3.5,5
28,22,3,1
28,23,3,5
28,24,3,2
28,25,3,5
28,26,3.5,2
28,27,3,3
28,28,3.5,6
28,29,3.5,4
28,30,3.5,6
29,1,3.5,6
29,2,4,7
29,3,4,5
29,4,4,5
29,5,4,5
29,6,3.5,7
29,7,3.5,5
29,8,3.5,4
29,9,3.5,5
29,10,4,5
29,11,3.5,4
29,12,4,6
29,13,3.5,3
29,14,4,5
29,15,3.5,5
29,16,3.5,2
29,17,4,3
29,18,4,7
29,19,3.5,3
29,20,4,9
29,21,4,5
29,22,3.5,3
29,23,3.5,4
29,24,3.5,4
29,25,3.5,5
29,26,4,5
29,27,3.5,3
29,28,4,7
29,29,4,5
29,30,4,8
30,1,3,3
30,2,3.5,4
30,3,3.5,5
30,4,3.5,4
30,5,3.5,5
30,6,3,4
30,7,3,7
30,8,3,4
30,9,3,4
30,10,3.5,5
30,11,3,3
30,12,3.5,4
30,13,3,4
30,14,3.5,4
30,15,3,3
30,16,3,2
30,17,3.5,5
30,18,3.5,2
30,19,3,2
30,20,3.5,3
30,21,3.5,3
30,22,3,2
30,23,3,4
30,24,3,4
30,25,3,2
30,26,3.5,4
30,27,3,4
30,28,3.5,3
30,29,3.5,4
30,30,3.5,4
31,1,3,3
31,2,3.5,4
31,3,3.5,4
31,4,3.5,5
31,5,3.5,5
31,6,3,4
31,7,3,2
31,8,3,5
31,9,3,4
31,10,3.5,6
31,11,3,4
31,12,3.5,8
31,13,3,6
31,14,3.5,6
31,15,3,7
31,16,3,5
31,17,3.5,7
31,18,3.5,5
31,19,3,7
31,20,3.5,8
31,21,3.5,4
31,22,3,4
31,23,3,5
31,24,3,6
31,25,3,4
31,26,3.5,5
31,27,3,4
31,28,3.5,5
31,29,3.5,6
31,30,3.5,6
32,1,3,4
32,2,3.5,4
32,3,3.5,5
32,4,3.5,3
32,5,3.5,4
32,6,3,3
32,7,3,3
32,8,3,4
32,9,3,3
32,10,3.5,4
32,11,3,4
32,12,3.5,3
32,13,3,4
32,14,3.5,4
32,15,3,3
32,16,3,4
32,17,3.5,5
32,18,3.5,4
32,19,3,3
32,20,3.5,4
32,21,3.5,4
32,22,3,2
32,23,3,3
32,24,3,4
32,25,3,4
32,26,3.5,4
32,27,3,5
32,28,3.5,4
32,29,3.5,4
32,30,3.5,3
33,1,3,4
33,2,3.5,6
33,3,3.5,7
33,4,3.5,7
33,5,3.5,7
33,6,3,5
33,7,3,3
33,8,3,2
33,9,3,4
33,10,3.5,7
33,11,3,5
33,12,3.5,7
33,13,3,4
33,14,3.5,6
33,15,3,4
33,16,3,2
33,17,3.5,5
33,18,3.5,6
33,19,3,4
33,20,3.5,7
33,21,3.5,7
33,22,3,5
33,23,3,6
33,24,3,5
33,25,3,7
33,26,3.5,4
33,27,3,5
33,28,3.5,5
33,29,3.5,5
33,30,3.5,4
34,1,3,5
34,2,3.5,4
34,3,3.5,3
34,4,3.5,5
34,5,3.5,2
34,6,3,1
34,7,3,4
34,8,3,2
34,9,3,6
34,10,3.5,4
34,11,3,4
34,12,3.5,5
34,13,3,4
34,14,3.5,3
34,15,3,2
34,16,3,3
34,17,3.5,4
34,18,3.5,6
34,19,3,3
34,20,3.5,5
34,21,3.5,6
34,22,3,3
34,23,3,4
34,24,3,4
34,25,3,2
34,26,3.5,5
34,27,3,6
34,28,3.5,5
34,29,3.5,4
34,30,3.5,3
35,1,3,3
35,2,3.5,6
35,3,3.5,8
35,4,3.5,5
35,5,3.5,6
35,6,3,5
35,7,3,4
35,8,3,6
35,9,3,1
35,10,3.5,6
35,11,3,5
35,12,3.5,5
35,13,3,2
35,14,3.5,5
35,15,3,3
35,16,3,6
35,17,3.5,4
35,18,3.5,7
35,19,3,4
35,20,3.5,5
35,21,3.5,4
35,22,3,4
35,23,3,3
35,24,3,3
35,25,3,3
35,26,3.5,5
35,27,3,2
35,28,3.5,5
35,29,3.5,3
35,30,3.5,2
36,1,3,3
36,2,3.5,3
36,3,3.5,4
36,4,3.5,5
36,5,3.5,3
36,6,3,3
36,7,3,2
36,8,3,4
36,9,3,4
36,10,3.5,5
36,11,3,4
36,12,3.5,7
36,13,3,5
36,14,3.5,6
36,15,3,4
36,16,3,3
36,17,3.5,4
36,18,3.5,4
36,19,3,3
36,20,3.5,8
36,21,3.5,3
36,22,3,4
36,23,3,3
36,24,3,4
36,25,3,4
36,26,3.5,4
36,27,3,4
36,28,3.5,5
36,29,3.5,4
36,30,3.5,2
37,1,3,4
37,2,3.5,4
37,3,3.5,5
37,4,3.5,4
37,5,3.5,4
37,6,3,4
37,7,3,3
37,8,3,4
37,9,3,3
37,10,3.5,4
37,11,3,3
37,12,3.5,4
37,13,3,3
37,14,3.5,4
37,15,3,2
37,16,3,3
37,17,3.5,2
37,18,3.5,5
37,19,3,4
37,20,3.5,2
37,21,3.5,4
37,22,3,3
37,23,3,4
37,24,3,2
37,25,3,2
37,26,3.5,5
37,27,3,3
37,28,3.5,2
37,29,3.5,3
37,30,3.5,1
38,1,3,3
38,2,3.5,4
38,3,3.5,3
38,4,3.5,6
38,5,3.5,3
38,6,3,4
38,7,3,1
38,8,3,2
38,9,3,3
38,10,3.5,4
38,11,3,1
38,12,3.5,2
38,13,3,4
38,14,3.5,5
38,15,3,3
38,16,3,2
38,17,3.5,1
38,18,3.5,3
38,19,3,2
38,20,3.5,4
38,21,3.5,2
38,22,3,2
38,23,3,3
38,24,3,4
38,25,3,1
38,26,3.5,3
38,27,3,4
38,28,3.5,5
38,29,3.5,4
38,30,3.5,3
39,1,3,6
39,2,3.5,7
39,3,3.5,6
39,4,3.5,7
39,5,3.5,6
39,6,3,4
39,7,3,2
39,8,3,3
39,9,3,3
39,10,3.5,7
39,11,3,4
39,12,3.5,6
39,13,3,5
39,14,3.5,7
39,15,3,3
39,16,3,4
39,17,3.5,7
39,18,3.5,4
39,19,3,3
39,20,3.5,6
39,21,3.5,6
39,22,3,5
39,23,3,8
39,24,3,7
39,25,3,2
39,26,3.5,3
39,27,3,6
39,28,3.5,7
39,29,3.5,5
39,30,3.5,2
40,1,3,5
40,2,3.5,6
40,3,3.5,5
40,4,3.5,7
40,5,3.5,7
40,6,3,3
40,7,3,6
40,8,3,5
40,9,3,4
40,10,3.5,7
40,11,3,6
40,12,3.5,9
40,13,3,6
40,14,3.5,6
40,15,3,3
40,16,3,4
40,17,3.5,7
40,18,3.5,6
40,19,3,7
40,20,3.5,5
40,21,3.5,6
40,22,3,8
40,23,3,6
40,24,3,5
40,25,3,3
40,26,3.5,6
40,27,3,6
40,28,3.5,7
40,29,3.5,7
40,30,3.5,6
41,1,3,3
41,2,3.5,4
41,3,3.5,2
41,4,3.5,2
41,5,3.5,1
41,6,3,4
41,7,3,4
41,8,3,4
41,9,3,4
41,10,3.5,5
41,11,3,4
41,12,3.5,6
41,13,3,4
41,14,3.5,5
41,15,3,4
41,16,3,2
41,17,3.5,4
41,18,3.5,5
41,19,3,3
41,20,3.5,2
41,21,3.5,5
41,22,3,4
41,23,3,4
41,24,3,4
41,25,3,2
41,26,3.5,2
41,27,3,4
41,28,3.5,5
41,29,3.5,4
41,30,3.5,4
42,1,3,5
42,2,3.5,4
42,3,3.5,6
42,4,3.5,6
42,5,3.5,8
42,6,3,7
42,7,3,3
42,8,3,6
42,9,3,5
42,10,3.5,5
42,11,3,5
42,12,3.5,9
42,13,3,4
42,14,3.5,8
42,15,3,3
42,16,3,3
42,17,3.5,6
42,18,3.5,6
42,19,3,4
42,20,3.5,10
42,21,3.5,4
42,22,3,5
42,23,3,4
42,24,3,3
42,25,3,6
42,26,3.5,6
42,27,3,7
42,28,3.5,5
42,29,3.5,6
42,30,3.5,8
43,1,3,6
43,2,3.5,8
43,3,3.5,7
43,4,3.5,6
43,5,3.5,7
43,6,3,7
43,7,3,0
43,8,3,6
43,9,3,4
43,10,3.5,5
43,11,3,4
43,12,3.5,5
43,13,3,4
43,14,3.5,6
43,15,3,7
43,16,3,5
43,17,3.5,6
43,18,3.5,2
43,19,3,4
43,20,3.5,9
43,21,3.5,7
43,22,3,4
43,23,3,5
43,24,3,6
43,25,3,4
43,26,3.5,5
43,27,3,9
43,28,3.5,7
43,29,3.5,5
43,30,3.5,5
44,1,3,4
44,2,3.5,5
44,3,3.5,5
44,4,3.5,5
44,5,3.5,4
44,6,3,3
44,7,3,3
44,8,3,2
44,9,3,2
44,10,3.5,2
44,11,3,2
44,12,3.5,3
44,13,3,3
44,14,3.5,4
44,15,3,4
44,16,3,2
44,17,3.5,4
44,18,3.5,5
44,19,3,2
44,20,3.5,3
44,21,3.5,5
44,22,3,3
44,23,3,2
44,24,3,2
44,25,3,1
44,26,3.5,3
44,27,3,2
44,28,3.5,3
44,29,3.5,3
44,30,3.5,1
45,1,3.5,6
45,2,4,6
45,3,4,7
45,4,4,8
45,5,4,8
45,6,3.5,4
45,7,3.5,4
45,8,3.5,5
45,9,3.5,6
45,10,4,7
45,11,3.5,5
45,12,4,8
45,13,3.5,8
45,14,4,7
45,15,3.5,5
45,16,3.5,8
45,17,4,8
45,18,4,7
45,19,3.5,8
45,20,4,8
45,21,4,8
45,22,3.5,8
45,23,3.5,7
45,24,3.5,6
45,25,3.5,4
45,26,4,8
45,27,3.5,5
45,28,4,7
45,29,4,5
45,30,4,8
46,1,3,5
46,2,3.5,4
46,3,3.5,4
46,4,3.5,3
46,5,3.5,2
46,6,3,3
46,7,3,2
46,8,3,2
46,9,3,3
46,10,3.5,4
46,11,3,4
46,12,3.5,6
46,13,3,3
46,14,3.5,5
46,15,3,3
46,16,3,4
46,17,3.5,5
46,18,3.5,4
46,19,3,3
46,20,3.5,3
46,21,3.5,2
46,22,3,4
46,23,3,3
46,24,3,4
46,25,3,3
46,26,3.5,3
46,27,3,4
46,28,3.5,2
46,29,3.5,3
46,30,3.5,2
47,1,3,4
47,2,3.5,5
47,3,3.5,6
47,4,3.5,6
47,5,3.5,7
47,6,3,4
47,7,3,6
47,8,3,5
47,9,3,5
47,10,3.5,6
47,11,3,3
47,12,3.5,5
47,13,3,4
47,14,3.5,5
47,15,3,4
47,16,3,3
47,17,3.5,6
47,18,3.5,4
47,19,3,4
47,20,3.5,3
47,21,3.5,4
47,22,3,4
47,23,3,5
47,24,3,4
47,25,3,2
47,26,3.5,5
47,27,3,5
47,28,3.5,4
47,29,3.5,5
47,30,3.5,4
48,1,3,7
48,2,3.5,9
48,3,3.5,9
48,4,3.5,8
48,5,3.5,9
48,6,3,8
48,7,3,7
48,8,3,5
48,9,3,5
48,10,3.5,4
48,11,3,4
48,12,3.5,9
48,13,3,8
48,14,3.5,9
48,15,3,6
48,16,3,7
48,17,3.5,8
48,18,3.5,5
48,19,3,4
48,20,3.5,8
48,21,3.5,6
48,22,3,4
48,23,3,3
48,24,3,3
48,25,3,9
48,26,3.5,7
48,27,3,3
48,28,3.5,9
48,29,3.5,6
48,30,3.5,5
49,1,3.5,7
49,2,4,9
49,3,4,9
49,4,4,10
49,5,4,8
49,6,3.5,6
49,7,3.5,5
49,8,3.5,3
49,9,3.5,3
49,10,4,6
49,11,3.5,4
49,12,4,5
49,13,3.5,4
49,14,4,7
49,15,3.5,7
49,16,3.5,0
49,17,4,4
49,18,4,3
49,19,3.5,7
49,20,4,8
49,21,4,8
49,22,3.5,5
49,23,3.5,3
49,24,3.5,2
49,25,3.5,7
49,26,4,8
49,27,3.5,4
49,28,4,9
49,29,4,5
49,30,4,5
50,1,3.5,7
50,2,4,8
50,3,4,7
50,4,4,8
50,5,4,8
50,6,3.5,6
50,7,3.5,6
50,8,3.5,7
50,9,3.5,8
50,10,4,7
50,11,3.5,6
50,12,4,5
50,13,3.5,7
50,14,4,5
50,15,3.5,5
50,16,3.5,5
50,17,4,6
50,18,4,7
50,19,3.5,8
50,20,4,9
50,21,4,8
50,22,3.5,6
50,23,3.5,7
50,24,3.5,7
50,25,3.5,4
50,26,4,8
50,27,3.5,6
50,28,4,6
50,29,4,7
50,30,4,7
51,1,3,2
51,2,3.5,5
51,3,3.5,1
51,4,3.5,4
51,5,3.5,1
51,6,3,0
51,7,3,4
51,8,3,5
51,9,3,3
51,10,3.5,2
51,11,3,3
51,12,3.5,5
51,13,3,0
51,14,3.5,5
51,15,3,2
51,16,3,3
51,17,3.5,0
51,18,3.5,1
51,19,3,3
51,20,3.5,6
51,21,3.5,4
51,22,3,2
51,23,3,1
51,24,3,1
51,25,3,0
51,26,3.5,4
51,27,3,7
51,28,3.5,5
51,29,3.5,3
51,30,3.5,4
52,1,3,5
52,2,3.5,5
52,3,3.5,6
52,4,3.5,6
52,5,3.5,6
52,6,3,6
52,7,3,4
52,8,3,5
52,9,3,6
52,10,3.5,5
52,11,3,5
52,12,3.5,5
52,13,3,5
52,14,3.5,6
52,15,3,6
52,16,3,5
52,17,3.5,5
52,18,3.5,6
52,19,3,5
52,20,3.5,5
52,21,3.5,4
52,22,3,4
52,23,3,4
52,24,3,5
52,25,3,5
52,26,3.5,6
52,27,3,6
52,28,3.5,7
52,29,3.5,6
52,30,3.5,7
53,1,3,3
53,2,3.5,6
53,3,3.5,9
53,4,3.5,9
53,5,3.5,8
53,6,3,7
53,7,3,4
53,8,3,4
53,9,3,3
53,10,3.5,8
53,11,3,4
53,12,3.5,8
53,13,3,4
53,14,3.5,7
53,15,3,3
53,16,3,4
53,17,3.5,5
53,18,3.5,5
53,19,3,4
53,20,3.5,10
53,21,3.5,5
53,22,3,3
53,23,3,4
53,24,3,7
53,25,3,6
53,26,3.5,7
53,27,3,7
53,28,3.5,5
53,29,3.5,3
53,30,3.5,7
54,1,3,3
54,2,3.5,4
54,3,3.5,4
54,4,3.5,4
54,5,3.5,3
54,6,3,2
54,7,3,3
54,8,3,2
54,9,3,2
54,10,3.5,3
54,11,3,1
54,12,3.5,2
54,13,3,2
54,14,3.5,3
54,15,3,2
54,16,3,2
54,17,3.5,2
54,18,3.5,3
54,19,3,1
54,20,3.5,3
54,21,3.5,1
54,22,3,1
54,23,3,2
54,24,3,3
54,25,3,2
54,26,3.5,2
54,27,3,1
54,28,3.5,1
54,29,3.5,3
54,30,3.5,4
55,1,3,2
55,2,3.5,6
55,3,3.5,8
55,4,3.5,8
55,5,3.5,7
55,6,3,9
55,7,3,4
55,8,3,1
55,9,3,4
55,10,3.5,7
55,11,3,3
55,12,3.5,2
55,13,3,2
55,14,3.5,4
55,15,3,3
55,16,3,4
55,17,3.5,4
55,18,3.5,1
55,19,3,4
55,20,3.5,7
55,21,3.5,3
55,22,3,2
55,23,3,1
55,24,3,3
55,25,3,1
55,26,3.5,1
55,27,3,1
55,28,3.5,5
55,29,3.5,3
55,30,3.5,7
56,1,3,5
56,2,3.5,7
56,3,3.5,8
56,4,3.5,6
56,5,3.5,7
56,6,3,5
56,7,3,3
56,8,3,8
56,9,3,6
56,10,3.5,7
56,11,3,7
56,12,3.5,6
56,13,3,7
56,14,3.5,6
56,15,3,6
56,16,3,6
56,17,3.5,6
56,18,3.5,5
56,19,3,6
56,20,3.5,7
56,21,3.5,5
56,22,3,5
56,23,3,5
56,24,3,6
56,25,3,3
56,26,3.5,6
56,27,3,2
56,28,3.5,6
56,29,3.5,6
56,30,3.5,6
57,1,3.5,6
57,2,4,6
57,3,4,7
57,4,4,7
57,5,4,7
57,6,3.5,5
57,7,3.5,3
57,8,3.5,3
57,9,3.5,4
57,10,4,8
57,11,3.5,2
57,12,4,7
57,13,3.5,2
57,14,4,4
57,15,3.5,2
57,16,3.5,3
57,17,4,6
57,18,4,4
57,19,3.5,2
57,20,4,5
57,21,4,6
57,22,3.5,5
57,23,3.5,6
57,24,3.5,3
57,25,3.5,3
57,26,4,4
57,27,3.5,5
57,28,4,5
57,29,4,7
57,30,4,4
58,1,3.5,3
58,2,4,5
58,3,4,5
58,4,4,5
58,5,4,3
58,6,3.5,4
58,7,3.5,3
58,8,3.5,5
58,9,3.5,2
58,10,4,6
58,11,3.5,3
58,12,4,4
58,13,3.5,3
58,14,4,5
58,15,3.5,3
58,16,3.5,2
58,17,4,4
58,18,4,3
58,19,3.5,4
58,20,4,6
58,21,4,5
58,22,3.5,3
58,23,3.5,7
58,24,3.5,4
58,25,3.5,3
58,26,4,3
58,27,3.5,4
58,28,4,4
58,29,4,3
58,30,4,5
59,1,3.5,7
59,2,4,7
59,3,4,8
59,4,4,8
59,5,4,9
59,6,3.5,8
59,7,3.5,7
59,8,3.5,7
59,9,3.5,6
59,10,4,7
59,11,3.5,7
59,12,4,9
59,13,3.5,7
59,14,4,7
59,15,3.5,7
59,16,3.5,6
59,17,4,8
59,18,4,7
59,19,3.5,6
59,20,4,8
59,21,4,7
59,22,3.5,6
59,23,3.5,5
59,24,3.5,5
59,25,3.5,6
59,26,4,7
59,27,3.5,4
59,28,4,7
59,29,4,7
59,30,4,6
60,1,3,5
60,2,3.5,8
60,3,3.5,8
60,4,3.5,8
60,5,3.5,9
60,6,3,7
60,7,3,7
60,8,3,5
60,9,3,8
60,10,3.5,8
60,11,3,7
60,12,3.5,8
60,13,3,4
60,14,3.5,9
60,15,3,8
60,16,3,3
60,17,3.5,7
60,18,3.5,7
60,19,3,4
60,20,3.5,9
60,21,3.5,5
60,22,3,4
60,23,3,3
60,24,3,1
60,25,3,2
60,26,3.5,8
60,27,3,4
60,28,3.5,8
60,29,3.5,7
60,30,3.5,7
61,1,3.5,4
61,2,4,6
61,3,4,5
61,4,4,5
61,5,4,5
61,6,3.5,5
61,7,3.5,6
61,8,3.5,7
61,9,3.5,5
61,10,4,9
61,11,3.5,4
61,12,4,9
61,13,3.5,6
61,14,4,9
61,15,3.5,5
61,16,3.5,4
61,17,4,7
61,18,4,7
61,19,3.5,6
61,20,4,7
61,21,4,6
61,22,3.5,6
61,23,3.5,7
61,24,3.5,5
61,25,3.5,8
61,26,4,6
61,27,3.5,5
61,28,4,7
61,29,4,7
61,30,4,7
62,1,3.5,6
62,2,4,8
62,3,4,10
62,4,4,10
62,5,4,8
62,6,3.5,9
62,7,3.5,8
62,8,3.5,7
62,9,3.5,8
62,10,4,9
62,11,3.5,6
62,12,4,8
62,13,3.5,6
62,14,4,8
62,15,3.5,7
62,16,3.5,6
62,17,4,8
62,18,4,7
62,19,3.5,7
62,20,4,8
62,21,4,7
62,22,3.5,4
62,23,3.5,7
62,24,3.5,7
62,25,3.5,4
62,26,4,7
62,27,3.5,5
62,28,4,8
62,29,4,9
62,30,4,8
63,1,3.5,8
63,2,4,8
63,3,4,7
63,4,4,8
63,5,4,7
63,6,3.5,6
63,7,3.5,8
63,8,3.5,6
63,9,3.5,7
63,10,4,7
63,11,3.5,7
63,12,4,7
63,13,3.5,5
63,14,4,6
63,15,3.5,7
63,16,3.5,5
63,17,4,6
63,18,4,6
63,19,3.5,5
63,20,4,6
63,21,4,6
63,22,3.5,6
63,23,3.5,4
63,24,3.5,5
63,25,3.5,4
63,26,4,6
63,27,3.5,3
63,28,4,6
63,29,4,6
63,30,4,6
64,1,3.5,5
64,2,4,8
64,3,4,8
64,4,4,7
64,5,4,7
64,6,3.5,6
64,7,3.5,5
64,8,3.5,6
64,9,3.5,7
64,10,4,8
64,11,3.5,3
64,12,4,6
64,13,3.5,6
64,14,4,7
64,15,3.5,4
64,16,3.5,5
64,17,4,7
64,18,4,7
64,19,3.5,4
64,20,4,6
64,21,4,6
64,22,3.5,5
64,23,3.5,6
64,24,3.5,5
64,25,3.5,3
64,26,4,7
64,27,3.5,8
64,28,4,6
64,29,4,5
64,30,4,6
65,1,3.5,5
65,2,4,5
65,3,4,6
65,4,4,7
65,5,4,7
65,6,3.5,5
65,7,3.5,6
65,8,3.5,6
65,9,3.5,6
65,10,4,7
65,11,3.5,4
65,12,4,6
65,13,3.5,4
65,14,4,4
65,15,3.5,4
65,16,3.5,3
65,17,4,6
65,18,4,4
65,19,3.5,5
65,20,4,6
65,21,4,5
65,22,3.5,3
65,23,3.5,4
65,24,3.5,5
65,25,3.5,2
65,26,4,5
65,27,3.5,4
65,28,4,4
65,29,4,3
65,30,4,5
66,1,3,4
66,2,3.5,5
66,3,3.5,6
66,4,3.5,4
66,5,3.5,6
66,6,3,5
66,7,3,6
66,8,3,7
66,9,3,7
66,10,3.5,7
66,11,3,3
66,12,3.5,6
66,13,3,5
66,14,3.5,4
66,15,3,2
66,16,3,4
66,17,3.5,5
66,18,3.5,5
66,19,3,3
66,20,3.5,5
66,21,3.5,6
66,22,3,4
66,23,3,4
66,24,3,5
66,25,3,4
66,26,3.5,5
66,27,3,4
66,28,3.5,5
66,29,3.5,6
66,30,3.5,5
67,1,3.5,5
67,2,4,6
67,3,4,8
67,4,4,8
67,5,4,8
67,6,3.5,6
67,7,3.5,5
67,8,3.5,5
67,9,3.5,4
67,10,4,8
67,11,3.5,7
67,12,4,9
67,13,3.5,4
67,14,4,8
67,15,3.5,4
67,16,3.5,4
67,17,4,7
67,18,4,8
67,19,3.5,3
67,20,4,9
67,21,4,8
67,22,3.5,4
67,23,3.5,3
67,24,3.5,4
67,25,3.5,2
67,26,4,6
67,27,3.5,3
67,28,4,8
67,29,4,8
67,30,4,4
68,1,3.5,3
68,2,4,4
68,3,4,5
68,4,4,4
68,5,4,5
68,6,3.5,6
68,7,3.5,3
68,8,3.5,2
68,9,3.5,1
68,10,4,7
68,11,3.5,2
68,12,4,4
68,13,3.5,2
68,14,4,5
68,15,3.5,3
68,16,3.5,2
68,17,4,6
68,18,4,5
68,19,3.5,6
68,20,4,6
68,21,4,3
68,22,3.5,8
68,23,3.5,2
68,24,3.5,3
68,25,3.5,3
68,26,4,4
68,27,3.5,5
68,28,4,4
68,29,4,4
68,30,4,0
69,1,3.5,4
69,2,4,7
69,3,4,9
69,4,4,9
69,5,4,8
69,6,3.5,7
69,7,3.5,5
69,8,3.5,6
69,9,3.5,7
69,10,4,8
69,11,3.5,6
69,12,4,8
69,13,3.5,7
69,14,4,9
69,15,3.5,6
69,16,3.5,7
69,17,4,9
69,18,4,9
69,19,3.5,7
69,20,4,9
69,21,4,8
69,22,3.5,6
69,23,3.5,7
69,24,3.5,9
69,25,3.5,7
69,26,4,7
69,27,3.5,9
69,28,4,9
69,29,4,6
69,30,4,6
70,1,3.5,5
70,2,4,6
70,3,4,9
70,4,4,4
70,5,4,4
70,6,3.5,7
70,7,3.5,1
70,8,3.5,3
70,9,3.5,1
70,10,4,6
70,11,3.5,4
70,12,4,5
70,13,3.5,4
70,14,4,4
70,15,3.5,6
70,16,3.5,1
70,17,4,7
70,18,4,5
70,19,3.5,1
70,20,4,3
70,21,4,8
70,22,3.5,4
70,23,3.5,1
70,24,3.5,2
70,25,3.5,1
70,26,4,2
70,27,3.5,5
70,28,4,7
70,29,4,4
70,30,4,5
71,1,3.5,5
71,2,4,8
71,3,4,9
71,4,4,8
71,5,4,7
71,6,3.5,4
71,7,3.5,7
71,8,3.5,4
71,9,3.5,6
71,10,4,7
71,11,3.5,4
71,12,4,7
71,13,3.5,5
71,14,4,7
71,15,3.5,5
71,16,3.5,4
71,17,4,8
71,18,4,8
71,19,3.5,4
71,20,4,9
71,21,4,7
71,22,3.5,4
71,23,3.5,4
71,24,3.5,3
71,25,3.5,6
71,26,4,7
71,27,3.5,3
71,28,4,8
71,29,4,8
71,30,4,9
72,1,3,8
72,2,3.5,10
72,3,3.5,10
72,4,3.5,8
72,5,3.5,8
72,6,3,5
72,7,3,6
72,8,3,5
72,9,3,8
72,10,3.5,9
72,11,3,6
72,12,3.5,8
72,13,3,7
72,14,3.5,9
72,15,3,5
72,16,3,8
72,17,3.5,9
72,18,3.5,8
72,19,3,9
72,20,3.5,8
72,21,3.5,7
72,22,3,6
72,23,3,8
72,24,3,9
72,25,3,7
72,26,3.5,8
72,27,3,8
72,28,3.5,9
72,29,3.5,9
72,30,3.5,9
73,1,3.5,5
73,2,4,6
73,3,4,4
73,4,4,6
73,5,4,5
73,6,3.5,3
73,7,3.5,5
73,8,3.5,7
73,9,3.5,4
73,10,4,7
73,11,3.5,3
73,12,4,5
73,13,3.5,2
73,14,4,6
73,15,3.5,2
73,16,3.5,1
73,17,4,5
73,18,4,3
73,19,3.5,5
73,20,4,0
73,21,4,1
73,22,3.5,5
73,23,3.5,0
73,24,3.5,5
73,25,3.5,3
73,26,4,0
73,27,3.5,4
73,28,4,1
73,29,4,4
73,30,4,5
74,1,3.5,6
74,2,4,7
74,3,4,6
74,4,4,6
74,5,4,7
74,6,3.5,4
74,7,3.5,5
74,8,3.5,4
74,9,3.5,5
74,10,4,8
74,11,3.5,5
74,12,4,8
74,13,3.5,4
74,14,4,7
74,15,3.5,4
74,16,3.5,5
74,17,4,6
74,18,4,6
74,19,3.5,5
74,20,4,6
74,21,4,4
74,22,3.5,4
74,23,3.5,5
74,24,3.5,4
74,25,3.5,4
74,26,4,6
74,27,3.5,3
74,28,4,7
74,29,4,5
74,30,4,8
75,1,3,3
75,2,3.5,4
75,3,3.5,5
75,4,3.5,3
75,5,3.5,4
75,6,3,2
75,7,3,3
75,8,3,2
75,9,3,4
75,10,3.5,4
75,11,3,2
75,12,3.5,4
75,13,3,3
75,14,3.5,4
75,15,3,2
75,16,3,1
75,17,3.5,5
75,18,3.5,3
75,19,3,3
75,20,3.5,5
75,21,3.5,4
75,22,3,1
75,23,3,3
75,24,3,0
75,25,3,5
75,26,3.5,3
75,27,3,3
75,28,3.5,6
75,29,3.5,3
75,30,3.5,6
76,1,3,4
76,2,3.5,5
76,3,3.5,4
76,4,3.5,5
76,5,3.5,3
76,6,3,2
76,7,3,3
76,8,3,3
76,9,3,2
76,10,3.5,4
76,11,3,1
76,12,3.5,5
76,13,3,3
76,14,3.5,4
76,15,3,3
76,16,3,3
76,17,3.5,5
76,18,3.5,4
76,19,3,2
76,20,3.5,5
76,21,3.5,5
76,22,3,3
76,23,3,1
76,24,3,3
76,25,3,2
76,26,3.5,5
76,27,3,1
76,28,3.5,5
76,29,3.5,4
76,30,3.5,4
77,1,3.5,2
77,2,4,6
77,3,4,8
77,4,4,8
77,5,4,7
77,6,3.5,3
77,7,3.5,8
77,8,3.5,2
77,9,3.5,2
77,10,4,3
77,11,3.5,1
77,12,4,4
77,13,3.5,2
77,14,4,4
77,15,3.5,1
77,16,3.5,2
77,17,4,7
77,18,4,8
77,19,3.5,3
77,20,4,7
77,21,4,6
77,22,3.5,2
77,23,3.5,6
77,24,3.5,5
77,25,3.5,1
77,26,4,7
77,27,3.5,7
77,28,4,8
77,29,4,8
77,30,4,5
78,1,3,2
78,2,3.5,3
78,3,3.5,4
78,4,3.5,3
78,5,3.5,4
78,6,3,2
78,7,3,3
78,8,3,2
78,9,3,3
78,10,3.5,4
78,11,3,2
78,12,3.5,3
78,13,3,2
78,14,3.5,1
78,15,3,2
78,16,3,2
78,17,3.5,3
78,18,3.5,3
78,19,3,1
78,20,3.5,3
78,21,3.5,1
78,22,3,2
78,23,3,3
78,24,3,1
78,25,3,2
78,26,3.5,1
78,27,3,3
78,28,3.5,2
78,29,3.5,3
78,30,3.5,3
79,1,3.5,3
79,2,4,4
79,3,4,4
79,4,4,6
79,5,4,5
79,6,3.5,4
79,7,3.5,5
79,8,3.5,7
79,9,3.5,6
79,10,4,6
79,11,3.5,4
79,12,4,5
79,13,3.5,3
79,14,4,2
79,15,3.5,4
79,16,3.5,3
79,17,4,5
79,18,4,1
79,19,3.5,1
79,20,4,7
79,21,4,4
79,22,3.5,3
79,23,3.5,4
79,24,3.5,3
79,25,3.5,4
79,26,4,4
79,27,3.5,5
79,28,4,5
79,29,4,2
79,30,4,3
80,1,3.5,5
80,2,4,6
80,3,4,7
80,4,4,7
80,5,4,5
80,6,3.5,4
80,7,3.5,4
80,8,3.5,4
80,9,3.5,5
80,10,4,6
80,11,3.5,4
80,12,4,6
80,13,3.5,4
80,14,4,6
80,15,3.5,5
80,16,3.5,5
80,17,4,6
80,18,4,6
80,19,3.5,4
80,20,4,6
80,21,4,6
80,22,3.5,4
80,23,3.5,4
80,24,3.5,4
80,25,3.5,4
80,26,4,6
80,27,3.5,4
80,28,4,6
80,29,4,6
80,30,4,6
81,1,3,3
81,2,3.5,4
81,3,3.5,5
81,4,3.5,5
81,5,3.5,6
81,6,3,3
81,7,3,4
81,8,3,3
81,9,3,2
81,10,3.5,5
81,11,3,2
81,12,3.5,3
81,13,3,4
81,14,3.5,5
81,15,3,2
81,16,3,3
81,17,3.5,5
81,18,3.5,6
81,19,3,2
81,20,3.5,4
81,21,3.5,5
81,22,3,2
81,23,3,3
81,24,3,4
81,25,3,2
81,26,3.5,5
81,27,3,4
81,28,3.5,5
81,29,3.5,5
81,30,3.5,5
82,1,3.5,4
82,2,4,5
82,3,4,5
82,4,4,5
82,5,4,4
82,6,3.5,4
82,7,3.5,3
82,8,3.5,4
82,9,3.5,4
82,10,4,5
82,11,3.5,4
82,12,4,4
82,13,3.5,4
82,14,4,5
82,15,3.5,4
82,16,3.5,4
82,17,4,5
82,18,4,4
82,19,3.5,5
82,20,4,5
82,21,4,4
82,22,3.5,4
82,23,3.5,4
82,24,3.5,4
82,25,3.5,3
82,26,4,4
82,27,3.5,5
82,28,4,4
82,29,4,4
82,30,4,4
83,1,3,3
83,2,3.5,5
83,3,3.5,6
83,4,3.5,5
83,5,3.5,6
83,6,3,3
83,7,3,4
83,8,3,2
83,9,3,1
83,10,3.5,5
83,11,3,3
83,12,3.5,5
83,13,3,3
83,14,3.5,4
83,15,3,2
83,16,3,3
83,17,3.5,5
83,18,3.5,3
83,19,3,3
83,20,3.5,4
83,21,3.5,4
83,22,3,2
83,23,3,3
83,24,3,3
83,25,3,1
83,26,3.5,3
83,27,3,1
83,28,3.5,5
83,29,3.5,2
83,30,3.5,4
84,1,3.5,7
84,2,4,9
84,3,4,10
84,4,4,8
84,5,4,8
84,6,3.5,8
84,7,3.5,4
84,8,3.5,7
84,9,3.5,4
84,10,4,7
84,11,3.5,6
84,12,4,7
84,13,3.5,4
84,14,4,7
84,15,3.5,5
84,16,3.5,6
84,17,4,8
84,18,4,5
84,19,3.5,6
84,20,4,9
84,21,4,6
84,22,3.5,5
84,23,3.5,7
84,24,3.5,4
84,25,3.5,5
84,26,4,6
84,27,3.5,4
84,28,4,8
84,29,4,5
84,30,4,7
85,1,3.5,4
85,2,4,4
85,3,4,4
85,4,4,4
85,5,4,4
85,6,3.5,1
85,7,3.5,3
85,8,3.5,0
85,9,3.5,3
85,10,4,4
85,11,3.5,1
85,12,4,1
85,13,3.5,3
85,14,4,2
85,15,3.5,2
85,16,3.5,1
85,17,4,1
85,18,4,4
85,19,3.5,1
85,20,4,1
85,21,4,5
85,22,3.5,1
85,23,3.5,1
85,24,3.5,1
85,25,3.5,3
85,26,4,3
85,27,3.5,0
85,28,4,2
85,29,4,2
85,30,4,1
86,1,3.5,8
86,2,4,9
86,3,4,10
86,4,4,10
86,5,4,9
86,6,3.5,7
86,7,3.5,9
86,8,3.5,8
86,9,3.5,8
86,10,4,9
86,11,3.5,6
86,12,4,9
86,13,3.5,7
86,14,4,10
86,15,3.5,6
86,16,3.5,6
86,17,4,9
86,18,4,9
86,19,3.5,6
86,20,4,8
86,21,4,8
86,22,3.5,7
86,23,3.5,7
86,24,3.5,6
86,25,3.5,6
86,26,4,9
86,27,3.5,7
86,28,4,9
86,29,4,9
86,30,4,10
87,1,3,5
87,2,3.5,6
87,3,3.5,7
87,4,3.5,7
87,5,3.5,7
87,6,3,6
87,7,3,7
87,8,3,4
87,9,3,6
87,10,3.5,8
87,11,3,4
87,12,3.5,7
87,13,3,4
87,14,3.5,5
87,15,3,7
87,16,3,6
87,17,3.5,8
87,18,3.5,7
87,19,3,7
87,20,3.5,5
87,21,3.5,5
87,22,3,4
87,23,3,4
87,24,3,4
87,25,3,6
87,26,3.5,5
87,27,3,5
87,28,3.5,6
87,29,3.5,6
87,30,3.5,6
88,1,3,3
88,2,3.5,4
88,3,3.5,5
88,4,3.5,6
88,5,3.5,5
88,6,3,4
88,7,3,5
88,8,3,6
88,9,3,5
88,10,3.5,5
88,11,3,3
88,12,3.5,4
88,13,3,2
88,14,3.5,6
88,15,3,4
88,16,3,3
88,17,3.5,5
88,18,3.5,6
88,19,3,2
88,20,3.5,4
88,21,3.5,6
88,22,3,5
88,23,3,6
88,24,3,6
88,25,3,4
88,26,3.5,4
88,27,3,5
88,28,3.5,4
88,29,3.5,3
88,30,3.5,3
89,1,3.5,6
89,2,4,8
89,3,4,7
89,4,4,7
89,5,4,8
89,6,3.5,6
89,7,3.5,4
89,8,3.5,6
89,9,3.5,3
89,10,4,8
89,11,3.5,4
89,12,4,6
89,13,3.5,5
89,14,4,8
89,15,3.5,6
89,16,3.5,5
89,17,4,8
89,18,4,7
89,19,3.5,6
89,20,4,9
89,21,4,7
89,22,3.5,6
89,23,3.5,6
89,24,3.5,5
89,25,3.5,5
89,26,4,7
89,27,3.5,4
89,28,4,7
89,29,4,8
89,30,4,7
90,1,3.5,4
90,2,4,6
90,3,4,7
90,4,4,7
90,5,4,3
90,6,3.5,3
90,7,3.5,5
90,8,3.5,7
90,9,3.5,6
90,10,4,5
90,11,3.5,3
90,12,4,6
90,13,3.5,5
90,14,4,5
90,15,3.5,3
90,16,3.5,6
90,17,4,5
90,18,4,6
90,19,3.5,6
90,20,4,8
90,21,4,4
90,22,3.5,4
90,23,3.5,3
90,24,3.5,4
90,25,3.5,5
90,26,4,6
90,27,3.5,5
90,28,4,6
90,29,4,6
90,30,4,4
91,1,3.5,4
91,2,4,4
91,3,4,6
91,4,4,8
91,5,4,8
91,6,3.5,5
91,7,3.5,7
91,8,3.5,4
91,9,3.5,5
91,10,4,8
91,11,3.5,4
91,12,4,7
91,13,3.5,5
91,14,4,4
91,15,3.5,3
91,16,3.5,3
91,17,4,2
91,18,4,4
91,19,3.5,5
91,20,4,9
91,21,4,5
91,22,3.5,4
91,23,3.5,5
91,24,3.5,6
91,25,3.5,6
91,26,4,5
91,27,3.5,4
91,28,4,6
91,29,4,5
91,30,4,3
92,1,3.5,4
92,2,4,6
92,3,4,7
92,4,4,6
92,5,4,7
92,6,3.5,5
92,7,3.5,4
92,8,3.5,4
92,9,3.5,4
92,10,4,6
92,11,3.5,3
92,12,4,4
92,13,3.5,4
92,14,4,5
92,15,3.5,2
92,16,3.5,4
92,17,4,7
92,18,4,7
92,19,3.5,3
92,20,4,10
92,21,4,4
92,22,3.5,5
92,23,3.5,2
92,24,3.5,2
92,25,3.5,3
92,26,4,4
92,27,3.5,2
92,28,4,8
92,29,4,4
92,30,4,3
93,1,3.5,6
93,2,4,9
93,3,4,7
93,4,4,9
93,5,4,6
93,6,3.5,9
93,7,3.5,6
93,8,3.5,7
93,9,3.5,1
93,10,4,9
93,11,3.5,1
93,12,4,6
93,13,3.5,3
93,14,4,9
93,15,3.5,5
93,16,3.5,2
93,17,4,8
93,18,4,8
93,19,3.5,3
93,20,4,8
93,21,4,9
93,22,3.5,4
93,23,3.5,5
93,24,3.5,4
93,25,3.5,3
93,26,4,9
93,27,3.5,8
93,28,4,7
93,29,4,8
93,30,4,9
94,1,3.5,4
94,2,4,5
94,3,4,7
94,4,4,4
94,5,4,4
94,6,3.5,3
94,7,3.5,1
94,8,3.5,5
94,9,3.5,2
94,10,4,8
94,11,3.5,4
94,12,4,5
94,13,3.5,4
94,14,4,9
94,15,3.5,3
94,16,3.5,2
94,17,4,7
94,18,4,5
94,19,3.5,1
94,20,4,7
94,21,4,5
94,22,3.5,2
94,23,3.5,1
94,24,3.5,4
94,25,3.5,2
94,26,4,6
94,27,3.5,1
94,28,4,8
94,29,4,8
94,30,4,1
95,1,3,5
95,2,3.5,8
95,3,3.5,9
95,4,3.5,9
95,5,3.5,10
95,6,3,9
95,7,3,5
95,8,3,7
95,9,3,7
95,10,3.5,8
95,11,3,6
95,12,3.5,10
95,13,3,7
95,14,3.5,9
95,15,3,5
95,16,3,6
95,17,3.5,8
95,18,3.5,8
95,19,3,6
95,20,3.5,10
95,21,3.5,7
95,22,3,4
95,23,3,6
95,24,3,8
95,25,3,5
95,26,3.5,7
95,27,3,10
95,28,3.5,10
95,29,3.5,7
95,30,3.5,9
96,1,3.5,6
96,2,4,8
96,3,4,9
96,4,4,9
96,5,4,10
96,6,3.5,9
96,7,3.5,5
96,8,3.5,7
96,9,3.5,8
96,10,4,9
96,11,3.5,7
96,12,4,8
96,13,3.5,7
96,14,4,9
96,15,3.5,7
96,16,3.5,8
96,17,4,9
96,18,4,9
96,19,3.5,6
96,20,4,10
96,21,4,8
96,22,3.5,7
96,23,3.5,8
96,24,3.5,8
96,25,3.5,7
96,26,4,6
96,27,3.5,7
96,28,4,10
96,29,4,9
96,30,4,9
97,1,3,5
97,2,3.5,6
97,3,3.5,5
97,4,3.5,7
97,5,3.5,4
97,6,3,3
97,7,3,3
97,8,3,4
97,9,3,3
97,10,3.5,4
97,11,3,3
97,12,3.5,4
97,13,3,5
97,14,3.5,8
97,15,3,4
97,16,3,7
97,17,3.5,8
97,18,3.5,9
97,19,3,3
97,20,3.5,8
97,21,3.5,6
97,22,3,4
97,23,3,5
97,24,3,6
97,25,3,4
97,26,3.5,7
97,27,3,3
97,28,3.5,9
97,29,3.5,8
97,30,3.5,5
98,1,3,4
98,2,3.5,5
98,3,3.5,5
98,4,3.5,6
98,5,3.5,5
98,6,3,3
98,7,3,3
98,8,3,3
98,9,3,4
98,10,3.5,4
98,11,3,4
98,12,3.5,5
98,13,3,3
98,14,3.5,5
98,15,3,3
98,16,3,4
98,17,3.5,5
98,18,3.5,4
98,19,3,3
98,20,3.5,8
98,21,3.5,4
98,22,3,4
98,23,3,3
98,24,3,4
98,25,3,3
98,26,3.5,4
98,27,3,5
98,28,3.5,6
98,29,3.5,6
98,30,3.5,7
99,1,3.5,6
99,2,4,7
99,3,4,8
99,4,4,7
99,5,4,6
99,6,3.5,4
99,7,3.5,3
99,8,3.5,5
99,9,3.5,5
99,10,4,7
99,11,3.5,4
99,12,4,5
99,13,3.5,4
99,14,4,5
99,15,3.5,4
99,16,3.5,2
99,17,4,8
99,18,4,6
99,19,3.5,4
99,20,4,7
99,21,4,6
99,22,3.5,1
99,23,3.5,3
99,24,3.5,4
99,25,3.5,5
99,26,4,6
99,27,3.5,4
99,28,4,7
99,29,4,6
99,30,4,5
100,1,3,3
100,2,3.5,5
100,3,3.5,6
100,4,3.5,6
100,5,3.5,6
100,6,3,4
100,7,3,5
100,8,3,6
100,9,3,4
100,10,3.5,7
100,11,3,4
100,12,3.5,6
100,13,3,3
100,14,3.5,7
100,15,3,4
100,16,3,5
100,17,3.5,5
100,18,3.5,6
100,19,3,4
100,20,3.5,5
100,21,3.5,3
100,22,3,4
100,23,3,5
100,24,3,3
100,25,3,4
100,26,3.5,5
100,27,3,6
100,28,3.5,5
100,29,3.5,6
100,30,3.5,7
101,1,3.5,6
101,2,4,7
101,3,4,6
101,4,4,6
101,5,4,5
101,6,3.5,6
101,7,3.5,6
101,8,3.5,7
101,9,3.5,6
101,10,4,7
101,11,3.5,6
101,12,4,6
101,13,3.5,6
101,14,4,5
101,15,3.5,5
101,16,3.5,6
101,17,4,5
101,18,4,6
101,19,3.5,5
101,20,4,6
101,21,4,6
101,22,3.5,6
101,23,3.5,3
101,24,3.5,6
101,25,3.5,8
101,26,4,8
101,27,3.5,8
101,28,4,6
101,29,4,6
101,30,4,5
102,1,3,5
102,2,3.5,7
102,3,3.5,7
102,4,3.5,7
102,5,3.5,8
102,6,3,5
102,7,3,4
102,8,3,4
102,9,3,4
102,10,3.5,7
102,11,3,3
102,12,3.5,6
102,13,3,2
102,14,3.5,4
102,15,3,4
102,16,3,3
102,17,3.5,4
102,18,3.5,6
102,19,3,5
102,20,3.5,9
102,21,3.5,5
102,22,3,5
102,23,3,6
102,24,3,6
102,25,3,5
102,26,3.5,6
102,27,3,5
102,28,3.5,7
102,29,3.5,7
102,30,3.5,6
103,1,3.5,7
103,2,4,10
103,3,4,10
103,4,4,9
103,5,4,7
103,6,3.5,8
103,7,3.5,7
103,8,3.5,9
103,9,3.5,6
103,10,4,10
103,11,3.5,6
103,12,4,10
103,13,3.5,3
103,14,4,10
103,15,3.5,5
103,16,3.5,6
103,17,4,7
103,18,4,8
103,19,3.5,6
103,20,4,10
103,21,4,8
103,22,3.5,5
103,23,3.5,7
103,24,3.5,6
103,25,3.5,3
103,26,4,10
103,27,3.5,10
103,28,4,9
103,29,4,6
103,30,4,10
104,1,3.5,3
104,2,4,4
104,3,4,4
104,4,4,3
104,5,4,3
104,6,3.5,2
104,7,3.5,1
104,8,3.5,3
104,9,3.5,0
104,10,4,3
104,11,3.5,2
104,12,4,1
104,13,3.5,2
104,14,4,1
104,15,3.5,0
104,16,3.5,3
104,17,4,4
104,18,4,4
104,19,3.5,3
104,20,4,4
104,21,4,4
104,22,3.5,4
104,23,3.5,3
104,24,3.5,4
104,25,3.5,3
104,26,4,4
104,27,3.5,5
104,28,4,3
104,29,4,3
104,30,4,4
105,1,3.5,7
105,2,4,10
105,3,4,10
105,4,4,7
105,5,4,8
105,6,3.5,10
105,7,3.5,5
105,8,3.5,7
105,9,3.5,4
105,10,4,7
105,11,3.5,4
105,12,4,0
105,13,3.5,5
105,14,4,8
105,15,3.5,6
105,16,3.5,5
105,17,4,7
105,18,4,4
105,19,3.5,10
105,20,4,9
105,21,4,9
105,22,3.5,4
105,23,3.5,6
105,24,3.5,5
105,25,3.5,6
105,26,4,4
105,27,3.5,6
105,28,4,7
105,29,4,6
105,30,4,4
106,1,3,5
106,2,3.5,8
106,3,3.5,8
106,4,3.5,9
106,5,3.5,8
106,6,3,7
106,7,3,8
106,8,3,8
106,9,3,8
106,10,3.5,8
106,11,3,7
106,12,3.5,8
106,13,3,7
106,14,3.5,8
106,15,3,7
106,16,3,7
106,17,3.5,7
106,18,3.5,7
106,19,3,7
106,20,3.5,6
106,21,3.5,7
106,22,3,6
106,23,3,5
106,24,3,7
106,25,3,7
106,26,3.5,7
106,27,3,9
106,28,3.5,7
106,29,3.5,8
106,30,3.5,8
107,1,3.5,5
107,2,4,6
107,3,4,6
107,4,4,6
107,5,4,7
107,6,3.5,4
107,7,3.5,3
107,8,3.5,4
107,9,3.5,2
107,10,4,4
107,11,3.5,3
107,12,4,5
107,13,3.5,3
107,14,4,8
107,15,3.5,3
107,16,3.5,3
107,17,4,7
107,18,4,7
107,19,3.5,2
107,20,4,7
107,21,4,6
107,22,3.5,3
107,23,3.5,2
107,24,3.5,6
107,25,3.5,2
107,26,4,7
107,27,3.5,4
107,28,4,8
107,29,4,6
107,30,4,5
108,1,3.5,3
108,2,4,3
108,3,4,5
108,4,4,3
108,5,4,4
108,6,3.5,3
108,7,3.5,2
108,8,3.5,4
108,9,3.5,1
108,10,4,4
108,11,3.5,2
108,12,4,6
108,13,3.5,1
108,14,4,5
108,15,3.5,2
108,16,3.5,2
108,17,4,2
108,18,4,3
108,19,3.5,2
108,20,4,7
108,21,4,2
108,22,3.5,2
108,23,3.5,6
108,24,3.5,1
108,25,3.5,2
108,26,4,3
108,27,3.5,6
108,28,4,2
108,29,4,1
108,30,4,5
109,1,3,6
109,2,3.5,8
109,3,3.5,8
109,4,3.5,8
109,5,3.5,8
109,6,3,4
109,7,3,4
109,8,3,5
109,9,3,7
109,10,3.5,8
109,11,3,5
109,12,3.5,9
109,13,3,4
109,14,3.5,8
109,15,3,5
109,16,3,5
109,17,3.5,6
109,18,3.5,7
109,19,3,5
109,20,3.5,7
109,21,3.5,4
109,22,3,3
109,23,3,2
109,24,3,3
109,25,3,3
109,26,3.5,7
109,27,3,4
109,28,3.5,5
109,29,3.5,4
109,30,3.5,6
110,1,3,3
110,2,3.5,4
110,3,3.5,5
110,4,3.5,4
110,5,3.5,3
110,6,3,2
110,7,3,4
110,8,3,1
110,9,3,4
110,10,3.5,3
110,11,3,2
110,12,3.5,6
110,13,3,1
110,14,3.5,5
110,15,3,2
110,16,3,2
110,17,3.5,4
110,18,3.5,3
110,19,3,2
110,20,3.5,8
110,21,3.5,5
110,22,3,1
110,23,3,2
110,24,3,4
110,25,3,0
110,26,3.5,5
110,27,3,4
110,28,3.5,3
110,29,3.5,2
110,30,3.5,4
111,1,3,3
111,2,3.5,5
111,3,3.5,5
111,4,3.5,6
111,5,3.5,5
111,6,3,2
111,7,3,3
111,8,3,2
111,9,3,3
111,10,3.5,5
111,11,3,2
111,12,3.5,6
111,13,3,4
111,14,3.5,5
111,15,3,1
111,16,3,2
111,17,3.5,4
111,18,3.5,5
111,19,3,5
111,20,3.5,6
111,21,3.5,3
111,22,3,1
111,23,3,2
111,24,3,2
111,25,3,3
111,26,3.5,4
111,27,3,4
111,28,3.5,6
111,29,3.5,2
111,30,3.5,4
112,1,3.5,5
112,2,4,7
112,3,4,8
112,4,4,8
112,5,4,7
112,6,3.5,4
112,7,3.5,4
112,8,3.5,6
112,9,3.5,6
112,10,4,7
112,11,3.5,4
112,12,4,7
112,13,3.5,4
112,14,4,6
112,15,3.5,6
112,16,3.5,4
112,17,4,7
112,18,4,7
112,19,3.5,5
112,20,4,8
112,21,4,7
112,22,3.5,5
112,23,3.5,3
112,24,3.5,4
112,25,3.5,4
112,26,4,5
112,27,3.5,8
112,28,4,8
112,29,4,7
112,30,4,8
113,1,3.5,7
113,2,4,9
113,3,4,10
113,4,4,9
113,5,4,10
113,6,3.5,9
113,7,3.5,6
113,8,3.5,7
113,9,3.5,4
113,10,4,7
113,11,3.5,9
113,12,4,9
113,13,3.5,3
113,14,4,10
113,15,3.5,4
113,16,3.5,9
113,17,4,9
113,18,4,10
113,19,3.5,9
113,20,4,9
113,21,4,9
113,22,3.5,6
113,23,3.5,10
113,24,3.5,7
113,25,3.5,7
113,26,4,9
113,27,3.5,10
113,28,4,5
113,29,4,7
113,30,4,10
114,1,3,5
114,2,3.5,7
114,3,3.5,7
114,4,3.5,7
114,5,3.5,8
114,6,3,8
114,7,3,7
114,8,3,6
114,9,3,5
114,10,3.5,9
114,11,3,6
114,12,3.5,7
114,13,3,6
114,14,3.5,6
114,15,3,5
114,16,3,5
114,17,3.5,5
114,18,3.5,7
114,19,3,4
114,20,3.5,7
114,21,3.5,6
114,22,3,5
114,23,3,4
114,24,3,5
114,25,3,4
114,26,3.5,7
114,27,3,8
114,28,3.5,7
114,29,3.5,5
114,30,3.5,6
115,1,3.5,4
115,2,4,6
115,3,4,10
115,4,4,10
115,5,4,10
115,6,3.5,4
115,7,3.5,4
115,8,3.5,4
115,9,3.5,3
115,10,4,4
115,11,3.5,5
115,12,4,6
115,13,3.5,6
115,14,4,7
115,15,3.5,3
115,16,3.5,6
115,17,4,6
115,18,4,7
115,19,3.5,6
115,20,4,10
115,21,4,7
115,22,3.5,7
115,23,3.5,4
115,24,3.5,6
115,25,3.5,9
115,26,4,9
115,27,3.5,9
115,28,4,10
115,29,4,10
115,30,4,10
116,1,3.5,4
116,2,4,7
116,3,4,8
116,4,4,8
116,5,4,7
116,6,3.5,3
116,7,3.5,4
116,8,3.5,3
116,9,3.5,3
116,10,4,7
116,11,3.5,3
116,12,4,4
116,13,3.5,3
116,14,4,7
116,15,3.5,3
116,16,3.5,5
116,17,4,6
116,18,4,7
116,19,3.5,3
116,20,4,8
116,21,4,5
116,22,3.5,3
116,23,3.5,4
116,24,3.5,4
116,25,3.5,3
116,26,4,7
116,27,3.5,6
116,28,4,7
116,29,4,6
116,30,4,7
117,1,3.5,4
117,2,4,5
117,3,4,5
117,4,4,5
117,5,4,4
117,6,3.5,3
117,7,3.5,2
117,8,3.5,3
117,9,3.5,2
117,10,4,3
117,11,3.5,3
117,12,4,3
117,13,3.5,3
117,14,4,4
117,15,3.5,3
117,16,3.5,2
117,17,4,3
117,18,4,2
117,19,3.5,2
117,20,4,2
117,21,4,2
117,22,3.5,2
117,23,3.5,3
117,24,3.5,3
117,25,3.5,1
117,26,4,2
117,27,3.5,1
117,28,4,4
117,29,4,3
117,30,4,2
118,1,3.5,7
118,2,4,9
118,3,4,10
118,4,4,9
118,5,4,8
118,6,3.5,8
118,7,3.5,4
118,8,3.5,6
118,9,3.5,4
118,10,4,8
118,11,3.5,7
118,12,4,7
118,13,3.5,3
118,14,4,7
118,15,3.5,7
118,16,3.5,5
118,17,4,8
118,18,4,7
118,19,3.5,4
118,20,4,9
118,21,4,7
118,22,3.5,8
118,23,3.5,7
118,24,3.5,7
118,25,3.5,6
118,26,4,8
118,27,3.5,6
118,28,4,9
118,29,4,9
118,30,4,9
119,1,3,6
119,2,3.5,7
119,3,3.5,7
119,4,3.5,6
119,5,3.5,7
119,6,3,6
119,7,3,7
119,8,3,6
119,9,3,5
119,10,3.5,7
119,11,3,6
119,12,3.5,8
119,13,3,5
119,14,3.5,8
119,15,3,5
119,16,3,5
119,17,3.5,7
119,18,3.5,5
119,19,3,4
119,20,3.5,8
119,21,3.5,6
119,22,3,5
119,23,3,5
119,24,3,7
119,25,3,6
119,26,3.5,5
119,27,3,4
119,28,3.5,7
119,29,3.5,6
119,30,3.5,7
120,1,3,3
120,2,3.5,3
120,3,3.5,4
120,4,3.5,4
120,5,3.5,5
120,6,3,5
120,7,3,2
120,8,3,1
120,9,3,2
120,10,3.5,3
120,11,3,1
120,12,3.5,4
120,13,3,1
120,14,3.5,4
120,15,3,2
120,16,3,2
120,17,3.5,4
120,18,3.5,3
120,19,3,1
120,20,3.5,3
120,21,3.5,0
120,22,3,2
120,23,3,4
120,24,3,5
120,25,3,5
120,26,3.5,0
120,27,3,1
120,28,3.5,0
120,29,3.5,0
120,30,3.5,0
121,1,3,3
121,2,3.5,6
121,3,3.5,5
121,4,3.5,5
121,5,3.5,6
121,6,3,3
121,7,3,3
121,8,3,3
121,9,3,4
121,10,3.5,5
121,11,3,1
121,12,3.5,3
121,13,3,2
121,14,3.5,4
121,15,3,2
121,16,3,3
121,17,3.5,4
121,18,3.5,1
121,19,3,3
121,20,3.5,4
121,21,3.5,4
121,22,3,2
121,23,3,0
121,24,3,4
121,25,3,1
121,26,3.5,4
121,27,3,5
121,28,3.5,3
121,29,3.5,2
121,30,3.5,5
122,1,3.5,6
122,2,4,8
122,3,4,9
122,4,4,10
122,5,4,8
122,6,3.5,7
122,7,3.5,8
122,8,3.5,7
122,9,3.5,7
122,10,4,7
122,11,3.5,7
122,12,4,10
122,13,3.5,8
122,14,4,10
122,15,3.5,6
122,16,3.5,8
122,17,4,10
122,18,4,9
122,19,3.5,8
122,20,4,10
122,21,4,9
122,22,3.5,7
122,23,3.5,9
122,24,3.5,7
122,25,3.5,8
122,26,4,10
122,27,3.5,10
122,28,4,3
122,29,4,7
122,30,4,8
123,1,3.5,5
123,2,4,7
123,3,4,7
123,4,4,6
123,5,4,6
123,6,3.5,2
123,7,3.5,6
123,8,3.5,4
123,9,3.5,5
123,10,4,7
123,11,3.5,4
123,12,4,5
123,13,3.5,5
123,14,4,7
123,15,3.5,4
123,16,3.5,4
123,17,4,7
123,18,4,6
123,19,3.5,3
123,20,4,5
123,21,4,6
123,22,3.5,3
123,23,3.5,4
123,24,3.5,4
123,25,3.5,5
123,26,4,6
123,27,3.5,7
123,28,4,5
123,29,4,4
123,30,4,7
124,1,3.5,4
124,2,4,4
124,3,4,4
124,4,4,4
124,5,4,4
124,6,3.5,4
124,7,3.5,3
124,8,3.5,4
124,9,3.5,4
124,10,4,5
124,11,3.5,3
124,12,4,4
124,13,3.5,4
124,14,4,6
124,15,3.5,4
124,16,3.5,5
124,17,4,4
124,18,4,6
124,19,3.5,4
124,20,4,5
124,21,4,5
124,22,3.5,4
124,23,3.5,5
124,24,3.5,4
124,25,3.5,4
124,26,4,6
124,27,3.5,3
124,28,4,8
124,29,4,5
124,30,4,8
125,1,3.5,4
125,2,4,6
125,3,4,5
125,4,4,6
125,5,4,7
125,6,3.5,4
125,7,3.5,3
125,8,3.5,5
125,9,3.5,4
125,10,4,6
125,11,3.5,4
125,12,4,5
125,13,3.5,3
125,14,4,7
125,15,3.5,3
125,16,3.5,5
125,17,4,6
125,18,4,7
125,19,3.5,4
125,20,4,7
125,21,4,4
125,22,3.5,5
125,23,3.5,2
125,24,3.5,5
125,25,3.5,4
125,26,4,6
125,27,3.5,3
125,28,4,7
125,29,4,3
125,30,4,7
126,1,3,5
126,2,3.5,6
126,3,3.5,8
126,4,3.5,8
126,5,3.5,7
126,6,3,4
126,7,3,2
126,8,3,2
126,9,3,1
126,10,3.5,7
126,11,3,2
126,12,3.5,2
126,13,3,1
126,14,3.5,6
126,15,3,3
126,16,3,2
126,17,3.5,7
126,18,3.5,6
126,19,3,3
126,20,3.5,5
126,21,3.5,7
126,22,3,3
126,23,3,4
126,24,3,5
126,25,3,4
126,26,3.5,7
126,27,3,2
126,28,3.5,7
126,29,3.5,7
126,30,3.5,6
127,1,3.5,6
127,2,4,9
127,3,4,10
127,4,4,9
127,5,4,7
127,6,3.5,6
127,7,3.5,4
127,8,3.5,4
127,9,3.5,7
127,10,4,9
127,11,3.5,3
127,12,4,8
127,13,3.5,5
127,14,4,10
127,15,3.5,5
127,16,3.5,8
127,17,4,7
127,18,4,6
127,19,3.5,5
127,20,4,8
127,21,4,5
127,22,3.5,7
127,23,3.5,8
127,24,3.5,6
127,25,3.5,4
127,26,4,6
127,27,3.5,8
127,28,4,8
127,29,4,5
127,30,4,10
128,1,3.5,7
128,2,4,9
128,3,4,10
128,4,4,10
128,5,4,9
128,6,3.5,5
128,7,3.5,6
128,8,3.5,8
128,9,3.5,5
128,10,4,9
128,11,3.5,8
128,12,4,10
128,13,3.5,8
128,14,4,10
128,15,3.5,5
128,16,3.5,5
128,17,4,9
128,18,4,8
128,19,3.5,3
128,20,4,7
128,21,4,8
128,22,3.5,8
128,23,3.5,7
128,24,3.5,6
128,25,3.5,7
128,26,4,9
128,27,3.5,7
128,28,4,10
128,29,4,9
128,30,4,8
129,1,3.5,5
129,2,4,7
129,3,4,7
129,4,4,7
129,5,4,7
129,6,3.5,5
129,7,3.5,5
129,8,3.5,5
129,9,3.5,3
129,10,4,8
129,11,3.5,5
129,12,4,6
129,13,3.5,6
129,14,4,6
129,15,3.5,5
129,16,3.5,4
129,17,4,6
129,18,4,7
129,19,3.5,5
129,20,4,7
129,21,4,6
129,22,3.5,4
129,23,3.5,3
129,24,3.5,6
129,25,3.5,3
129,26,4,5
129,27,3.5,1
129,28,4,5
129,29,4,6
129,30,4,5
130,1,3,4
130,2,3.5,6
130,3,3.5,9
130,4,3.5,5
130,5,3.5,5
130,6,3,4
130,7,3,5
130,8,3,5
130,9,3,5
130,10,3.5,6
130,11,3,4
130,12,3.5,5
130,13,3,5
130,14,3.5,7
130,15,3,4
130,16,3,3
130,17,3.5,6
130,18,3.5,5
130,19,3,5
130,20,3.5,7
130,21,3.5,7
130,22,3,4
130,23,3,5
130,24,3,6
130,25,3,4
130,26,3.5,6
130,27,3,5
130,28,3.5,6
130,29,3.5,6
130,30,3.5,6
131,1,3.5,4
131,2,4,4
131,3,4,8
131,4,4,9
131,5,4,7
131,6,3.5,8
131,7,3.5,7
131,8,3.5,7
131,9,3.5,8
131,10,4,8
131,11,3.5,4
131,12,4,7
131,13,3.5,7
131,14,4,9
131,15,3.5,8
131,16,3.5,7
131,17,4,8
131,18,4,7
131,19,3.5,7
131,20,4,10
131,21,4,8
131,22,3.5,7
131,23,3.5,9
131,24,3.5,10
131,25,3.5,6
131,26,4,8
131,27,3.5,8
131,28,4,9
131,29,4,10
131,30,4,10
132,1,3.5,4
132,2,4,6
132,3,4,6
132,4,4,7
132,5,4,6
132,6,3.5,5
132,7,3.5,6
132,8,3.5,5
132,9,3.5,6
132,10,4,5
132,11,3.5,6
132,12,4,6
132,13,3.5,6
132,14,4,6
132,15,3.5,4
132,16,3.5,5
132,17,4,5
132,18,4,6
132,19,3.5,7
132,20,4,8
132,21,4,7
132,22,3.5,5
132,23,3.5,6
132,24,3.5,6
132,25,3.5,5
132,26,4,5
132,27,3.5,6
132,28,4,8
132,29,4,7
132,30,4,8
133,1,3,1
133,2,3.5,4
133,3,3.5,5
133,4,3.5,4
133,5,3.5,4
133,6,3,5
133,7,3,2
133,8,3,3
133,9,3,3
133,10,3.5,4
133,11,3,2
133,12,3.5,3
133,13,3,3
133,14,3.5,4
133,15,3,3
133,16,3,3
133,17,3.5,4
133,18,3.5,4
133,19,3,4
133,20,3.5,5
133,21,3.5,3
133,22,3,4
133,23,3,5
133,24,3,4
133,25,3,3
133,26,3.5,4
133,27,3,2
133,28,3.5,4
133,29,3.5,5
133,30,3.5,4
134,1,3.5,4
134,2,4,6
134,3,4,5
134,4,4,6
134,5,4,6
134,6,3.5,5
134,7,3.5,4
134,8,3.5,6
134,9,3.5,5
134,10,4,6
134,11,3.5,4
134,12,4,5
134,13,3.5,5
134,14,4,6
134,15,3.5,5
134,16,3.5,5
134,17,4,5
134,18,4,5
134,19,3.5,4
134,20,4,5
134,21,4,5
134,22,3.5,5
134,23,3.5,5
134,24,3.5,6
134,25,3.5,4
134,26,4,6
134,27,3.5,5
134,28,4,5
134,29,4,5
134,30,4,5
135,1,3,7
135,2,3.5,9
135,3,3.5,9
135,4,3.5,8
135,5,3.5,8
135,6,3,7
135,7,3,4
135,8,3,6
135,9,3,8
135,10,3.5,9
135,11,3,5
135,12,3.5,7
135,13,3,4
135,14,3.5,8
135,15,3,3
135,16,3,7
135,17,3.5,8
135,18,3.5,6
135,19,3,5
135,20,3.5,6
135,21,3.5,5
135,22,3,4
135,23,3,4
135,24,3,4
135,25,3,3
135,26,3.5,6
135,27,3,6
135,28,3.5,8
135,29,3.5,8
135,30,3.5,5
136,1,3,5
136,2,3.5,6
136,3,3.5,9
136,4,3.5,6
136,5,3.5,3
136,6,3,6
136,7,3,2
136,8,3,4
136,9,3,1
136,10,3.5,6
136,11,3,2
136,12,3.5,5
136,13,3,4
136,14,3.5,5
136,15,3,3
136,16,3,5
136,17,3.5,3
136,18,3.5,3
136,19,3,1
136,20,3.5,4
136,21,3.5,4
136,22,3,3
136,23,3,1
136,24,3,3
136,25,3,2
136,26,3.5,3
136,27,3,1
136,28,3.5,5
136,29,3.5,5
136,30,3.5,5
137,1,3,4
137,2,3.5,6
137,3,3.5,5
137,4,3.5,5
137,5,3.5,5
137,6,3,4
137,7,3,4
137,8,3,6
137,9,3,5
137,10,3.5,6
137,11,3,4
137,12,3.5,5
137,13,3,4
137,14,3.5,6
137,15,3,3
137,16,3,3
137,17,3.5,5
137,18,3.5,4
137,19,3,3
137,20,3.5,4
137,21,3.5,4
137,22,3,3
137,23,3,3
137,24,3,4
137,25,3,5
137,26,3.5,6
137,27,3,4
137,28,3.5,5
137,29,3.5,4
137,30,3.5,4
138,1,3.5,10
138,2,4,10
138,3,4,10
138,4,4,10
138,5,4,10
138,6,3.5,9
138,7,3.5,8
138,8,3.5,8
138,9,3.5,5
138,10,4,9
138,11,3.5,7
138,12,4,8
138,13,3.5,6
138,14,4,9
138,15,3.5,7
138,16,3.5,9
138,17,4,10
138,18,4,9
138,19,3.5,5
138,20,4,9
138,21,4,10
138,22,3.5,9
138,23,3.5,5
138,24,3.5,8
138,25,3.5,8
138,26,4,10
138,27,3.5,6
138,28,4,8
138,29,4,10
138,30,4,9
139,1,3.5,4
139,2,4,6
139,3,4,6
139,4,4,7
139,5,4,6
139,6,3.5,5
139,7,3.5,5
139,8,3.5,5
139,9,3.5,4
139,10,4,7
139,11,3.5,4
139,12,4,6
139,13,3.5,3
139,14,4,7
139,15,3.5,5
139,16,3.5,4
139,17,4,6
139,18,4,6
139,19,3.5,5
139,20,4,8
139,21,4,6
139,22,3.5,4
139,23,3.5,3
139,24,3.5,2
139,25,3.5,5
139,26,4,5
139,27,3.5,4
139,28,4,7
139,29,4,4
139,30,4,7
140,1,3,3
140,2,3.5,4
140,3,3.5,4
140,4,3.5,4
140,5,3.5,4
140,6,3,3
140,7,3,3
140,8,3,4
140,9,3,2
140,10,3.5,4
140,11,3,3
140,12,3.5,3
140,13,3,1
140,14,3.5,5
140,15,3,4
140,16,3,3
140,17,3.5,5
140,18,3.5,5
140,19,3,3
140,20,3.5,6
140,21,3.5,4
140,22,3,2
140,23,3,4
140,24,3,3
140,25,3,2
140,26,3.5,4
140,27,3,3
140,28,3.5,5
140,29,3.5,2
140,30,3.5,4
141,1,3.5,7
141,2,4,9
141,3,4,9
141,4,4,8
141,5,4,9
141,6,3.5,7
141,7,3.5,7
141,8,3.5,5
141,9,3.5,3
141,10,4,6
141,11,3.5,5
141,12,4,7
141,13,3.5,6
141,14,4,6
141,15,3.5,7
141,16,3.5,8
141,17,4,5
141,18,4,4
141,19,3.5,3
141,20,4,9
141,21,4,4
141,22,3.5,5
141,23,3.5,5
141,24,3.5,3
141,25,3.5,7
141,26,4,7
141,27,3.5,4
141,28,4,7
141,29,4,6
141,30,4,7
142,1,3.5,4
142,2,4,6
142,3,4,8
142,4,4,7
142,5,4,8
142,6,3.5,7
142,7,3.5,4
142,8,3.5,2
142,9,3.5,2
142,10,4,5
142,11,3.5,2
142,12,4,3
142,13,3.5,3
142,14,4,5
142,15,3.5,2
142,16,3.5,2
142,17,4,4
142,18,4,1
142,19,3.5,2
142,20,4,6
142,21,4,3
142,22,3.5,2
142,23,3.5,4
142,24,3.5,1
142,25,3.5,2
142,26,4,3
142,27,3.5,4
142,28,4,3
142,29,4,2
142,30,4,2
143,1,3.5,5
143,2,4,6
143,3,4,7
143,4,4,8
143,5,4,4
143,6,3.5,4
143,7,3.5,5
143,8,3.5,3
143,9,3.5,2
143,10,4,8
143,11,3.5,3
143,12,4,8
143,13,3.5,3
143,14,4,6
143,15,3.5,2
143,16,3.5,1
143,17,4,8
143,18,4,7
143,19,3.5,3
143,20,4,5
143,21,4,7
143,22,3.5,3
143,23,3.5,5
143,24,3.5,1
143,25,3.5,3
143,26,4,9
143,27,3.5,1
143,28,4,10
143,29,4,8
143,30,4,10
144,1,3.5,4
144,2,4,6
144,3,4,8
144,4,4,8
144,5,4,2
144,6,3.5,5
144,7,3.5,6
144,8,3.5,4
144,9,3.5,4
144,10,4,8
144,11,3.5,6
144,12,4,9
144,13,3.5,3
144,14,4,8
144,15,3.5,5
144,16,3.5,4
144,17,4,8
144,18,4,8
144,19,3.5,7
144,20,4,8
144,21,4,6
144,22,3.5,3
144,23,3.5,4
144,24,3.5,7
144,25,3.5,5
144,26,4,7
144,27,3.5,6
144,28,4,8
144,29,4,8
144,30,4,8
145,1,3.5,3
145,2,4,5
145,3,4,5
145,4,4,5
145,5,4,7
145,6,3.5,4
145,7,3.5,5
145,8,3.5,4
145,9,3.5,5
145,10,4,7
145,11,3.5,2
145,12,4,7
145,13,3.5,3
145,14,4,8
145,15,3.5,4
145,16,3.5,6
145,17,4,6
145,18,4,7
145,19,3.5,4
145,20,4,7
145,21,4,6
145,22,3.5,4
145,23,3.5,4
145,24,3.5,3
145,25,3.5,5
145,26,4,7
145,27,3.5,5
145,28,4,7
145,29,4,7
145,30,4,6
146,1,3,4
146,2,3.5,5
146,3,3.5,5
146,4,3.5,5
146,5,3.5,4
146,6,3,4
146,7,3,4
146,8,3,3
146,9,3,2
146,10,3.5,4
146,11,3,4
146,12,3.5,4
146,13,3,3
146,14,3.5,5
146,15,3,3
146,16,3,1
146,17,3.5,4
146,18,3.5,4
146,19,3,3
146,20,3.5,4
146,21,3.5,4
146,22,3,1
146,23,3,1
146,24,3,3
146,25,3,2
146,26,3.5,4
146,27,3,3
146,28,3.5,3
146,29,3.5,4
146,30,3.5,5
147,1,3.5,3
147,2,4,5
147,3,4,6
147,4,4,5
147,5,4,6
147,6,3.5,2
147,7,3.5,4
147,8,3.5,4
147,9,3.5,3
147,10,4,6
147,11,3.5,2
147,12,4,7
147,13,3.5,3
147,14,4,7
147,15,3.5,1
147,16,3.5,2
147,17,4,5
147,18,4,3
147,19,3.5,1
147,20,4,7
147,21,4,7
147,22,3.5,1
147,23,3.5,5
147,24,3.5,4
147,25,3.5,1
147,26,4,7
147,27,3.5,2
147,28,4,6
147,29,4,7
147,30,4,7
148,1,3.5,5
148,2,4,7
148,3,4,9
148,4,4,10
148,5,4,10
148,6,3.5,3
148,7,3.5,6
148,8,3.5,7
148,9,3.5,5
148,10,4,10
148,11,3.5,4
148,12,4,8
148,13,3.5,4
148,14,4,10
148,15,3.5,4
148,16,3.5,4
148,17,4,9
148,18,4,9
148,19,3.5,4
148,20,4,10
148,21,4,7
148,22,3.5,4
148,23,3.5,4
148,24,3.5,5
148,25,3.5,3
148,26,4,9
148,27,3.5,3
148,28,4,10
148,29,4,9
148,30,4,8
149,1,3.5,2
149,2,4,5
149,3,4,6
149,4,4,5
149,5,4,4
149,6,3.5,2
149,7,3.5,3
149,8,3.5,2
149,9,3.5,4
149,10,4,4
149,11,3.5,2
149,12,4,3
149,13,3.5,2
149,14,4,2
149,15,3.5,1
149,16,3.5,0
149,17,4,4
149,18,4,2
149,19,3.5,1
149,20,4,4
149,21,4,3
149,22,3.5,4
149,23,3.5,4
149,24,3.5,5
149,25,3.5,5
149,26,4,7
149,27,3.5,6
149,28,4,8
149,29,4,7
149,30,4,8
150,1,3.5,3
150,2,4,4
150,3,4,5
150,4,4,7
150,5,4,6
150,6,3.5,4
150,7,3.5,3
150,8,3.5,4
150,9,3.5,3
150,10,4,5
150,11,3.5,3
150,12,4,7
150,13,3.5,4
150,14,4,6
150,15,3.5,7
150,16,3.5,4
150,17,4,5
150,18,4,6
150,19,3.5,7
150,20,4,9
150,21,4,5
150,22,3.5,6
150,23,3.5,3
150,24,3.5,5
150,25,3.5,6
150,26,4,5
150,27,3.5,4
150,28,4,5
150,29,4,6
150,30,4,8
151,1,3,6
151,2,3.5,8
151,3,3.5,8
151,4,3.5,8
151,5,3.5,8
151,6,3,6
151,7,3,7
151,8,3,5
151,9,3,6
151,10,3.5,6
151,11,3,5
151,12,3.5,7
151,13,3,6
151,14,3.5,8
151,15,3,5
151,16,3,4
151,17,3.5,7
151,18,3.5,8
151,19,3,6
151,20,3.5,7
151,21,3.5,5
151,22,3,4
151,23,3,6
151,24,3,6
151,25,3,5
151,26,3.5,6
151,27,3,5
151,28,3.5,7
151,29,3.5,6
151,30,3.5,7
152,1,3,4
152,2,3.5,4
152,3,3.5,4
152,4,3.5,4
152,5,3.5,5
152,6,3,3
152,7,3,4
152,8,3,3
152,9,3,6
152,10,3.5,3
152,11,3,3
152,12,3.5,4
152,13,3,3
152,14,3.5,4
152,15,3,3
152,16,3,3
152,17,3.5,5
152,18,3.5,4
152,19,3,3
152,20,3.5,5
152,21,3.5,4
152,22,3,3
152,23,3,4
152,24,3,3
152,25,3,3
152,26,3.5,3
152,27,3,4
152,28,3.5,5
152,29,3.5,4
152,30,3.5,3
153,1,3.5,4
153,2,4,5
153,3,4,9
153,4,4,8
153,5,4,7
153,6,3.5,6
153,7,3.5,5
153,8,3.5,7
153,9,3.5,3
153,10,4,4
153,11,3.5,4
153,12,4,5
153,13,3.5,4
153,14,4,7
153,15,3.5,4
153,16,3.5,6
153,17,4,7
153,18,4,5
153,19,3.5,6
153,20,4,8
153,21,4,3
153,22,3.5,3
153,23,3.5,3
153,24,3.5,5
153,25,3.5,2
153,26,4,8
153,27,3.5,5
153,28,4,8
153,29,4,6
153,30,4,3
154,1,3.5,5
154,2,4,6
154,3,4,6
154,4,4,5
154,5,4,7
154,6,3.5,4
154,7,3.5,5
154,8,3.5,4
154,9,3.5,5
154,10,4,7
154,11,3.5,4
154,12,4,8
154,13,3.5,4
154,14,4,7
154,15,3.5,5
154,16,3.5,5
154,17,4,8
154,18,4,7
154,19,3.5,4
154,20,4,10
154,21,4,6
154,22,3.5,4
154,23,3.5,5
154,24,3.5,4
154,25,3.5,4
154,26,4,5
154,27,3.5,7
154,28,4,5
154,29,4,5
154,30,4,8
155,1,3.5,10
155,2,4,10
155,3,4,10
155,4,4,10
155,5,4,9
155,6,3.5,9
155,7,3.5,8
155,8,3.5,9
155,9,3.5,8
155,10,4,10
155,11,3.5,8
155,12,4,10
155,13,3.5,6
155,14,4,9
155,15,3.5,6
155,16,3.5,9
155,17,4,10
155,18,4,9
155,19,3.5,8
155,20,4,9
155,21,4,10
155,22,3.5,8
155,23,3.5,8
155,24,3.5,7
155,25,3.5,7
155,26,4,5
155,27,3.5,6
155,28,4,7
155,29,4,7
155,30,4,9
156,1,3,3
156,2,3.5,4
156,3,3.5,5
156,4,3.5,5
156,5,3.5,4
156,6,3,3
156,7,3,2
156,8,3,4
156,9,3,3
156,10,3.5,6
156,11,3,2
156,12,3.5,4
156,13,3,3
156,14,3.5,4
156,15,3,3
156,16,3,3
156,17,3.5,6
156,18,3.5,6
156,19,3,3
156,20,3.5,6
156,21,3.5,4
156,22,3,3
156,23,3,6
156,24,3,3
156,25,3,2
156,26,3.5,6
156,27,3,5
156,28,3.5,5
156,29,3.5,6
156,30,3.5,5
157,1,3,4
157,2,3.5,5
157,3,3.5,6
157,4,3.5,5
157,5,3.5,5
157,6,3,5
157,7,3,5
157,8,3,4
157,9,3,3
157,10,3.5,5
157,11,3,4
157,12,3.5,6
157,13,3,4
157,14,3.5,6
157,15,3,3
157,16,3,4
157,17,3.5,6
157,18,3.5,5
157,19,3,5
157,20,3.5,7
157,21,3.5,6
157,22,3,4
157,23,3,4
157,24,3,5
157,25,3,3
157,26,3.5,5
157,27,3,6
157,28,3.5,4
157,29,3.5,4
157,30,3.5,6
158,1,3.5,3
158,2,4,3
158,3,4,6
158,4,4,8
158,5,4,6
158,6,3.5,4
158,7,3.5,5
158,8,3.5,3
158,9,3.5,2
158,10,4,9
158,11,3.5,3
158,12,4,8
158,13,3.5,4
158,14,4,4
158,15,3.5,3
158,16,3.5,3
158,17,4,6
158,18,4,9
158,19,3.5,4
158,20,4,9
158,21,4,4
158,22,3.5,2
158,23,3.5,3
158,24,3.5,5
158,25,3.5,3
158,26,4,5
158,27,3.5,3
158,28,4,9
158,29,4,8
158,30,4,3
159,1,3.5,8
159,2,4,10
159,3,4,10
159,4,4,10
159,5,4,10
159,6,3.5,9
159,7,3.5,10
159,8,3.5,7
159,9,3.5,9
159,10,4,10
159,11,3.5,6
159,12,4,8
159,13,3.5,9
159,14,4,9
159,15,3.5,9
159,16,3.5,10
159,17,4,10
159,18,4,7
159,19,3.5,8
159,20,4,9
159,21,4,9
159,22,3.5,8
159,23,3.5,9
159,24,3.5,7
159,25,3.5,8
159,26,4,7
159,27,3.5,7
159,28,4,10
159,29,4,10
159,30,4,9
160,1,3.5,7
160,2,4,9
160,3,4,10
160,4,4,9
160,5,4,9
160,6,3.5,3
160,7,3.5,4
160,8,3.5,5
160,9,3.5,5
160,10,4,10
160,11,3.5,4
160,12,4,7
160,13,3.5,6
160,14,4,10
160,15,3.5,2
160,16,3.5,4
160,17,4,9
160,18,4,10
160,19,3.5,3
160,20,4,10
160,21,4,9
160,22,3.5,3
160,23,3.5,5
160,24,3.5,5
160,25,3.5,3
160,26,4,9
160,27,3.5,5
160,28,4,9
160,29,4,7
160,30,4,10
161,1,3,7
161,2,3.5,8
161,3,3.5,8
161,4,3.5,7
161,5,3.5,7
161,6,3,3
161,7,3,2
161,8,3,5
161,9,3,5
161,10,3.5,6
161,11,3,1
161,12,3.5,5
161,13,3,3
161,14,3.5,7
161,15,3,5
161,16,3,4
161,17,3.5,8
161,18,3.5,9
161,19,3,2
161,20,3.5,6
161,21,3.5,8
161,22,3,2
161,23,3,1
161,24,3,4
161,25,3,3
161,26,3.5,8
161,27,3,3
161,28,3.5,8
161,29,3.5,9
161,30,3.5,5
162,1,3.5,5
162,2,4,7
162,3,4,8
162,4,4,8
162,5,4,7
162,6,3.5,6
162,7,3.5,5
162,8,3.5,4
162,9,3.5,6
162,10,4,8
162,11,3.5,6
162,12,4,7
162,13,3.5,5
162,14,4,7
162,15,3.5,5
162,16,3.5,6
162,17,4,9
162,18,4,7
162,19,3.5,6
162,20,4,6
162,21,4,7
162,22,3.5,6
162,23,3.5,9
162,24,3.5,7
162,25,3.5,7
162,26,4,8
162,27,3.5,9
162,28,4,7
162,29,4,6
162,30,4,7
163,1,3.5,4
163,2,4,5
163,3,4,7
163,4,4,7
163,5,4,3
163,6,3.5,2
163,7,3.5,4
163,8,3.5,2
163,9,3.5,1
163,10,4,6
163,11,3.5,2
163,12,4,3
163,13,3.5,1
163,14,4,4
163,15,3.5,3
163,16,3.5,2
163,17,4,3
163,18,4,5
163,19,3.5,0
163,20,4,4
163,21,4,3
163,22,3.5,6
163,23,3.5,4
163,24,3.5,7
163,25,3.5,4
163,26,4,2
163,27,3.5,4
163,28,4,4
163,29,4,4
163,30,4,0
164,1,3.5,6
164,2,4,7
164,3,4,7
164,4,4,6
164,5,4,7
164,6,3.5,3
164,7,3.5,5
164,8,3.5,7
164,9,3.5,7
164,10,4,6
164,11,3.5,2
164,12,4,4
164,13,3.5,5
164,14,4,7
164,15,3.5,2
164,16,3.5,4
164,17,4,3
164,18,4,8
164,19,3.5,5
164,20,4,7
164,21,4,5
164,22,3.5,2
164,23,3.5,2
164,24,3.5,4
164,25,3.5,1
164,26,4,5
164,27,3.5,1
164,28,4,1
164,29,4,4
164,30,4,2
165,1,3.5,6
165,2,4,6
165,3,4,3
165,4,4,6
165,5,4,5
165,6,3.5,3
165,7,3.5,5
165,8,3.5,2
165,9,3.5,7
165,10,4,8
165,11,3.5,6
165,12,4,9
165,13,3.5,9
165,14,4,8
165,15,3.5,5
165,16,3.5,7
165,17,4,8
165,18,4,9
165,19,3.5,9
165,20,4,9
165,21,4,6
165,22,3.5,3
165,23,3.5,5
165,24,3.5,9
165,25,3.5,4
165,26,4,7
165,27,3.5,3
165,28,4,9
165,29,4,6
165,30,4,7
166,1,3.5,8
166,2,4,9
166,3,4,9
166,4,4,8
166,5,4,7
166,6,3.5,5
166,7,3.5,7
166,8,3.5,5
166,9,3.5,5
166,10,4,9
166,11,3.5,6
166,12,4,10
166,13,3.5,7
166,14,4,8
166,15,3.5,5
166,16,3.5,7
166,17,4,8
166,18,4,9
166,19,3.5,6
166,20,4,7
166,21,4,8
166,22,3.5,6
166,23,3.5,7
166,24,3.5,7
166,25,3.5,6
166,26,4,8
166,27,3.5,7
166,28,4,8
166,29,4,7
166,30,4,7
167,1,3,3
167,2,3.5,5
167,3,3.5,6
167,4,3.5,5
167,5,3.5,3
167,6,3,4
167,7,3,4
167,8,3,4
167,9,3,5
167,10,3.5,5
167,11,3,4
167,12,3.5,5
167,13,3,4
167,14,3.5,4
167,15,3,5
167,16,3,4
167,17,3.5,5
167,18,3.5,3
167,19,3,5
167,20,3.5,7
167,21,3.5,5
167,22,3,5
167,23,3,6
167,24,3,6
167,25,3,6
167,26,3.5,5
167,27,3,7
167,28,3.5,7
167,29,3.5,6
167,30,3.5,6
168,1,3.5,2
168,2,4,4
168,3,4,4
168,4,4,5
168,5,4,4
168,6,3.5,5
168,7,3.5,4
168,8,3.5,3
168,9,3.5,5
168,10,4,5
168,11,3.5,2
168,12,4,2
168,13,3.5,3
168,14,4,6
168,15,3.5,3
168,16,3.5,4
168,17,4,5
168,18,4,4
168,19,3.5,2
168,20,4,10
168,21,4,4
168,22,3.5,2
168,23,3.5,7
168,24,3.5,6
168,25,3.5,5
168,26,4,5
168,27,3.5,4
168,28,4,4
168,29,4,4
168,30,4,4
169,1,3,5
169,2,3.5,7
169,3,3.5,6
169,4,3.5,8
169,5,3.5,7
169,6,3,6
169,7,3,1
169,8,3,6
169,9,3,8
169,10,3.5,8
169,11,3,6
169,12,3.5,7
169,13,3,7
169,14,3.5,9
169,15,3,7
169,16,3,8
169,17,3.5,10
169,18,3.5,7
169,19,3,6
169,20,3.5,10
169,21,3.5,7
169,22,3,2
169,23,3,4
169,24,3,6
169,25,3,7
169,26,3.5,7
169,27,3,6
169,28,3.5,8
169,29,3.5,8
169,30,3.5,7
170,1,3.5,4
170,2,4,6
170,3,4,9
170,4,4,9
170,5,4,8
170,6,3.5,7
170,7,3.5,6
170,8,3.5,7
170,9,3.5,8
170,10,4,9
170,11,3.5,3
170,12,4,5
170,13,3.5,6
170,14,4,6
170,15,3.5,7
170,16,3.5,5
170,17,4,8
170,18,4,7
170,19,3.5,4
170,20,4,4
170,21,4,5
170,22,3.5,6
170,23,3.5,5
170,24,3.5,5
170,25,3.5,9
170,26,4,7
170,27,3.5,7
170,28,4,8
170,29,4,7
170,30,4,10
171,1,3,4
171,2,3.5,5
171,3,3.5,5
171,4,3.5,4
171,5,3.5,5
171,6,3,3
171,7,3,2
171,8,3,3
171,9,3,4
171,10,3.5,5
171,11,3,3
171,12,3.5,4
171,13,3,3
171,14,3.5,4
171,15,3,2
171,16,3,4
171,17,3.5,5
171,18,3.5,3
171,19,3,2
171,20,3.5,5
171,21,3.5,4
171,22,3,3
171,23,3,3
171,24,3,3
171,25,3,4
171,26,3.5,5
171,27,3,2
171,28,3.5,5
171,29,3.5,5
171,30,3.5,6
172,1,3,2
172,2,3.5,4
172,3,3.5,4
172,4,3.5,5
172,5,3.5,6
172,6,3,4
172,7,3,5
172,8,3,2
172,9,3,5
172,10,3.5,5
172,11,3,3
172,12,3.5,3
172,13,3,4
172,14,3.5,6
172,15,3,4
172,16,3,3
172,17,3.5,7
172,18,3.5,5
172,19,3,3
172,20,3.5,7
172,21,3.5,5
172,22,3,4
172,23,3,3
172,24,3,3
172,25,3,4
172,26,3.5,7
172,27,3,3
172,28,3.5,6
172,29,3.5,6
172,30,3.5,7
173,1,3.5,6
173,2,4,8
173,3,4,8
173,4,4,6
173,5,4,7
173,6,3.5,5
173,7,3.5,6
173,8,3.5,4
173,9,3.5,6
173,10,4,7
173,11,3.5,5
173,12,4,8
173,13,3.5,4
173,14,4,8
173,15,3.5,6
173,16,3.5,4
173,17,4,7
173,18,4,7
173,19,3.5,5
173,20,4,8
173,21,4,6
173,22,3.5,5
173,23,3.5,4
173,24,3.5,6
173,25,3.5,6
173,26,4,8
173,27,3.5,5
173,28,4,7
173,29,4,6
173,30,4,6
174,1,3,4
174,2,3.5,5
174,3,3.5,7
174,4,3.5,5
174,5,3.5,5
174,6,3,1
174,7,3,2
174,8,3,4
174,9,3,1
174,10,3.5,6
174,11,3,1
174,12,3.5,5
174,13,3,3
174,14,3.5,6
174,15,3,4
174,16,3,3
174,17,3.5,6
174,18,3.5,5
174,19,3,2
174,20,3.5,3
174,21,3.5,3
174,22,3,2
174,23,3,4
174,24,3,3
174,25,3,1
174,26,3.5,4
174,27,3,3
174,28,3.5,4
174,29,3.5,4
174,30,3.5,3
175,1,3,4
175,2,3.5,6
175,3,3.5,8
175,4,3.5,9
175,5,3.5,8
175,6,3,10
175,7,3,8
175,8,3,7
175,9,3,7
175,10,3.5,9
175,11,3,5
175,12,3.5,9
175,13,3,8
175,14,3.5,8
175,15,3,5
175,16,3,10
175,17,3.5,10
175,18,3.5,10
175,19,3,6
175,20,3.5,8
175,21,3.5,10
175,22,3,8
175,23,3,7
175,24,3,10
175,25,3,6
175,26,3.5,9
175,27,3,7
175,28,3.5,10
175,29,3.5,10
175,30,3.5,10
176,1,3.5,3
176,2,4,4
176,3,4,6
176,4,4,7
176,5,4,7
176,6,3.5,2
176,7,3.5,3
176,8,3.5,4
176,9,3.5,3
176,10,4,4
176,11,3.5,3
176,12,4,3
176,13,3.5,3
176,14,4,5
176,15,3.5,4
176,16,3.5,2
176,17,4,5
176,18,4,5
176,19,3.5,3
176,20,4,6
176,21,4,6
176,22,3.5,2
176,23,3.5,3
176,24,3.5,4
176,25,3.5,2
176,26,4,5
176,27,3.5,3
176,28,4,7
176,29,4,6
176,30,4,5
177,1,3,6
177,2,3.5,7
177,3,3.5,9
177,4,3.5,9
177,5,3.5,8
177,6,3,2
177,7,3,6
177,8,3,6
177,9,3,7
177,10,3.5,5
177,11,3,6
177,12,3.5,5
177,13,3,7
177,14,3.5,7
177,15,3,5
177,16,3,6
177,17,3.5,9
177,18,3.5,5
177,19,3,8
177,20,3.5,7
177,21,3.5,6
177,22,3,3
177,23,3,4
177,24,3,5
177,25,3,3
177,26,3.5,7
177,27,3,3
177,28,3.5,8
177,29,3.5,8
177,30,3.5,7
178,1,3.5,4
178,2,4,5
178,3,4,7
178,4,4,4
178,5,4,4
178,6,3.5,6
178,7,3.5,5
178,8,3.5,7
178,9,3.5,7
178,10,4,8
178,11,3.5,4
178,12,4,8
178,13,3.5,4
178,14,4,7
178,15,3.5,4
178,16,3.5,4
178,17,4,7
178,18,4,8
178,19,3.5,3
178,20,4,7
178,21,4,5
178,22,3.5,3
178,23,3.5,4
178,24,3.5,6
178,25,3.5,5
178,26,4,8
178,27,3.5,4
178,28,4,7
178,29,4,6
178,30,4,8
179,1,3.5,4
179,2,4,9
179,3,4,10
179,4,4,9
179,5,4,5
179,6,3.5,7
179,7,3.5,4
179,8,3.5,3
179,9,3.5,4
179,10,4,5
179,11,3.5,5
179,12,4,7
179,13,3.5,5
179,14,4,9
179,15,3.5,3
179,16,3.5,4
179,17,4,4
179,18,4,6
179,19,3.5,5
179,20,4,10
179,21,4,5
179,22,3.5,3
179,23,3.5,2
179,24,3.5,4
179,25,3.5,2
179,26,4,4
179,27,3.5,10
179,28,4,6
179,29,4,3
179,30,4,5
180,1,3.5,4
180,2,4,5
180,3,4,6
180,4,4,6
180,5,4,4
180,6,3.5,2
180,7,3.5,4
180,8,3.5,4
180,9,3.5,6
180,10,4,6
180,11,3.5,4
180,12,4,7
180,13,3.5,5
180,14,4,8
180,15,3.5,4
180,16,3.5,4
180,17,4,5
180,18,4,5
180,19,3.5,4
180,20,4,5
180,21,4,6
180,22,3.5,5
180,23,3.5,7
180,24,3.5,4
180,25,3.5,4
180,26,4,5
180,27,3.5,4
180,28,4,7
180,29,4,3
180,30,4,6
181,1,3.5,4
181,2,4,7
181,3,4,4
181,4,4,7
181,5,4,3
181,6,3.5,4
181,7,3.5,4
181,8,3.5,2
181,9,3.5,4
181,10,4,6
181,11,3.5,3
181,12,4,4
181,13,3.5,4
181,14,4,6
181,15,3.5,4
181,16,3.5,6
181,17,4,7
181,18,4,7
181,19,3.5,6
181,20,4,8
181,21,4,6
181,22,3.5,4
181,23,3.5,3
181,24,3.5,3
181,25,3.5,5
181,26,4,8
181,27,3.5,5
181,28,4,7
181,29,4,7
181,30,4,8
182,1,3,6
182,2,3.5,8
182,3,3.5,8
182,4,3.5,9
182,5,3.5,8
182,6,3,7
182,7,3,8
182,8,3,9
182,9,3,7
182,10,3.5,9
182,11,3,8
182,12,3.5,9
182,13,3,6
182,14,3.5,9
182,15,3,7
182,16,3,6
182,17,3.5,8
182,18,3.5,9
182,19,3,7
182,20,3.5,8
182,21,3.5,8
182,22,3,3
182,23,3,3
182,24,3,8
182,25,3,8
182,26,3.5,8
182,27,3,9
182,28,3.5,8
182,29,3.5,9
182,30,3.5,9
183,1,3,2
183,2,3.5,3
183,3,3.5,4
183,4,3.5,3
183,5,3.5,4
183,6,3,3
183,7,3,3
183,8,3,2
183,9,3,2
183,10,3.5,4
183,11,3,3
183,12,3.5,5
183,13,3,3
183,14,3.5,2
183,15,3,2
183,16,3,3
183,17,3.5,5
183,18,3.5,5
183,19,3,3
183,20,3.5,6
183,21,3.5,4
183,22,3,4
183,23,3,5
183,24,3,4
183,25,3,5
183,26,3.5,6
183,27,3,5
183,28,3.5,5
183,29,3.5,5
183,30,3.5,6
184,1,3.5,5
184,2,4,4
184,3,4,5
184,4,4,7
184,5,4,5
184,6,3.5,5
184,7,3.5,4
184,8,3.5,3
184,9,3.5,4
184,10,4,5
184,11,3.5,3
184,12,4,4
184,13,3.5,3
184,14,4,7
184,15,3.5,2
184,16,3.5,5
184,17,4,8
184,18,4,6
184,19,3.5,5
184,20,4,6
184,21,4,4
184,22,3.5,3
184,23,3.5,5
184,24,3.5,3
184,25,3.5,3
184,26,4,7
184,27,3.5,4
184,28,4,8
184,29,4,8
184,30,4,7
185,1,3,5
185,2,3.5,9
185,3,3.5,8
185,4,3.5,9
185,5,3.5,7
185,6,3,3
185,7,3,6
185,8,3,3
185,9,3,4
185,10,3.5,8
185,11,3,2
185,12,3.5,4
185,13,3,4
185,14,3.5,10
185,15,3,8
185,16,3,4
185,17,3.5,6
185,18,3.5,9
185,19,3,2
185,20,3.5,7
185,21,3.5,4
185,22,3,2
185,23,3,8
185,24,3,4
185,25,3,4
185,26,3.5,6
185,27,3,6
185,28,3.5,8
185,29,3.5,3
185,30,3.5,6
186,1,3.5,7
186,2,4,8
186,3,4,8
186,4,4,8
186,5,4,9
186,6,3.5,8
186,7,3.5,9
186,8,3.5,8
186,9,3.5,7
186,10,4,9
186,11,3.5,6
186,12,4,10
186,13,3.5,6
186,14,4,9
186,15,3.5,8
186,16,3.5,6
186,17,4,8
186,18,4,9
186,19,3.5,6
186,20,4,8
186,21,4,7
186,22,3.5,5
186,23,3.5,6
186,24,3.5,6
186,25,3.5,5
186,26,4,8
186,27,3.5,7
186,28,4,8
186,29,4,7
186,30,4,7
187,1,3.5,6
187,2,4,7
187,3,4,9
187,4,4,5
187,5,4,8
187,6,3.5,6
187,7,3.5,3
187,8,3.5,6
187,9,3.5,7
187,10,4,7
187,11,3.5,7
187,12,4,9
187,13,3.5,5
187,14,4,8
187,15,3.5,7
187,16,3.5,4
187,17,4,9
187,18,4,8
187,19,3.5,7
187,20,4,8
187,21,4,9
187,22,3.5,7
187,23,3.5,3
187,24,3.5,2
187,25,3.5,8
187,26,4,6
187,27,3.5,8
187,28,4,9
187,29,4,5
187,30,4,7
188,1,3,2
188,2,3.5,6
188,3,3.5,6
188,4,3.5,8
188,5,3.5,5
188,6,3,1
188,7,3,2
188,8,3,2
188,9,3,1
188,10,3.5,7
188,11,3,4
188,12,3.5,6
188,13,3,1
188,14,3.5,5
188,15,3,3
188,16,3,4
188,17,3.5,7
188,18,3.5,3
188,19,3,2
188,20,3.5,7
188,21,3.5,6
188,22,3,3
188,23,3,3
188,24,3,2
188,25,3,2
188,26,3.5,3
188,27,3,6
188,28,3.5,8
188,29,3.5,3
188,30,3.5,6
189,1,3,4
189,2,3.5,5
189,3,3.5,6
189,4,3.5,5
189,5,3.5,5
189,6,3,4
189,7,3,2
189,8,3,3
189,9,3,4
189,10,3.5,4
189,11,3,4
189,12,3.5,6
189,13,3,4
189,14,3.5,6
189,15,3,3
189,16,3,3
189,17,3.5,6
189,18,3.5,5
189,19,3,4
189,20,3.5,5
189,21,3.5,5
189,22,3,4
189,23,3,4
189,24,3,3
189,25,3,3
189,26,3.5,4
189,27,3,4
189,28,3.5,5
189,29,3.5,4
189,30,3.5,5
190,1,3,4
190,2,3.5,5
190,3,3.5,6
190,4,3.5,7
190,5,3.5,5
190,6,3,5
190,7,3,6
190,8,3,5
190,9,3,5
190,10,3.5,7
190,11,3,4
190,12,3.5,6
190,13,3,4
190,14,3.5,5
190,15,3,5
190,16,3,3
190,17,3.5,7
190,18,3.5,5
190,19,3,5
190,20,3.5,6
190,21,3.5,6
190,22,3,6
190,23,3,5
190,24,3,6
190,25,3,5
190,26,3.5,5
190,27,3,5
190,28,3.5,7
190,29,3.5,7
190,30,3.5,6
191,1,3,5
191,2,3.5,8
191,3,3.5,9
191,4,3.5,10
191,5,3.5,9
191,6,3,8
191,7,3,4
191,8,3,7
191,9,3,5
191,10,3.5,7
191,11,3,4
191,12,3.5,8
191,13,3,6
191,14,3.5,8
191,15,3,4
191,16,3,6
191,17,3.5,8
191,18,3.5,4
191,19,3,3
191,20,3.5,5
191,21,3.5,5
191,22,3,4
191,23,3,6
191,24,3,4
191,25,3,7
191,26,3.5,4
191,27,3,10
191,28,3.5,4
191,29,3.5,4
191,30,3.5,4
192,1,3,4
192,2,3.5,5
192,3,3.5,4
192,4,3.5,5
192,5,3.5,5
192,6,3,4
192,7,3,4
192,8,3,3
192,9,3,3
192,10,3.5,5
192,11,3,4
192,12,3.5,5
192,13,3,4
192,14,3.5,5
192,15,3,3
192,16,3,4
192,17,3.5,5
192,18,3.5,5
192,19,3,4
192,20,3.5,5
192,21,3.5,5
192,22,3,4
192,23,3,5
192,24,3,4
192,25,3,5
192,26,3.5,5
192,27,3,5
192,28,3.5,6
192,29,3.5,6
192,30,3.5,5
193,1,3.5,5
193,2,4,7
193,3,4,6
193,4,4,7
193,5,4,7
193,6,3.5,3
193,7,3.5,4
193,8,3.5,6
193,9,3.5,2
193,10,4,5
193,11,3.5,4
193,12,4,7
193,13,3.5,5
193,14,4,7
193,15,3.5,7
193,16,3.5,6
193,17,4,8
193,18,4,5
193,19,3.5,4
193,20,4,7
193,21,4,8
193,22,3.5,4
193,23,3.5,3
193,24,3.5,6
193,25,3.5,5
193,26,4,6
193,27,3.5,5
193,28,4,8
193,29,4,4
193,30,4,8
194,1,3,5
194,2,3.5,7
194,3,3.5,9
194,4,3.5,9
194,5,3.5,9
194,6,3,7
194,7,3,5
194,8,3,4
194,9,3,8
194,10,3.5,9
194,11,3,3
194,12,3.5,5
194,13,3,4
194,14,3.5,7
194,15,3,5
194,16,3,5
194,17,3.5,8
194,18,3.5,8
194,19,3,5
194,20,3.5,7
194,21,3.5,7
194,22,3,5
194,23,3,6
194,24,3,5
194,25,3,5
194,26,3.5,7
194,27,3,5
194,28,3.5,8
194,29,3.5,7
194,30,3.5,6
195,1,3.5,5
195,2,4,7
195,3,4,8
195,4,4,6
195,5,4,7
195,6,3.5,7
195,7,3.5,3
195,8,3.5,7
195,9,3.5,4
195,10,4,7
195,11,3.5,6
195,12,4,7
195,13,3.5,7
195,14,4,6
195,15,3.5,6
195,16,3.5,6
195,17,4,6
195,18,4,4
195,19,3.5,6
195,20,4,6
195,21,4,5
195,22,3.5,6
195,23,3.5,4
195,24,3.5,6
195,25,3.5,4
195,26,4,5
195,27,3.5,5
195,28,4,7
195,29,4,6
195,30,4,5
196,1,3.5,3
196,2,4,7
196,3,4,10
196,4,4,8
196,5,4,6
196,6,3.5,6
196,7,3.5,3
196,8,3.5,5
196,9,3.5,4
196,10,4,9
196,11,3.5,3
196,12,4,9
196,13,3.5,4
196,14,4,9
196,15,3.5,3
196,16,3.5,3
196,17,4,9
196,18,4,4
196,19,3.5,6
196,20,4,10
196,21,4,6
196,22,3.5,7
196,23,3.5,9
196,24,3.5,5
196,25,3.5,6
196,26,4,6
196,27,3.5,4
196,28,4,7
196,29,4,5
196,30,4,10
197,1,3.5,7
197,2,4,8
197,3,4,7
197,4,4,5
197,5,4,10
197,6,3.5,7
197,7,3.5,5
197,8,3.5,7
197,9,3.5,7
197,10,4,7
197,11,3.5,6
197,12,4,8
197,13,3.5,5
197,14,4,5
197,15,3.5,5
197,16,3.5,6
197,17,4,7
197,18,4,10
197,19,3.5,4
197,20,4,5
197,21,4,7
197,22,3.5,4
197,23,3.5,4
197,24,3.5,4
197,25,3.5,6
197,26,4,8
197,27,3.5,6
197,28,4,10
197,29,4,7
197,30,4,4
198,1,3.5,8
198,2,4,9
198,3,4,10
198,4,4,10
198,5,4,10
198,6,3.5,8
198,7,3.5,9
198,8,3.5,6
198,9,3.5,6
198,10,4,10
198,11,3.5,9
198,12,4,9
198,13,3.5,8
198,14,4,7
198,15,3.5,9
198,16,3.5,9
198,17,4,10
198,18,4,10
198,19,3.5,9
198,20,4,10
198,21,4,8
198,22,3.5,8
198,23,3.5,8
198,24,3.5,8
198,25,3.5,8
198,26,4,9
198,27,3.5,9
198,28,4,9
198,29,4,9
198,30,4,10
199,1,3,4
199,2,3.5,4
199,3,3.5,3
199,4,3.5,4
199,5,3.5,4
199,6,3,7
199,7,3,4
199,8,3,2
199,9,3,7
199,10,3.5,7
199,11,3,4
199,12,3.5,5
199,13,3,4
199,14,3.5,6
199,15,3,5
199,16,3,4
199,17,3.5,7
199,18,3.5,7
199,19,3,4
199,20,3.5,7
199,21,3.5,4
199,22,3,5
199,23,3,4
199,24,3,5
199,25,3,4
199,26,3.5,7
199,27,3,6
199,28,3.5,7
199,29,3.5,5
199,30,3.5,4
200,1,3,3
200,2,3.5,7
200,3,3.5,7
200,4,3.5,5
200,5,3.5,8
200,6,3,3
200,7,3,4
200,8,3,4
200,9,3,4
200,10,3.5,5
200,11,3,3
200,12,3.5,9
200,13,3,4
200,14,3.5,6
200,15,3,2
200,16,3,3
200,17,3.5,4
200,18,3.5,6
200,19,3,3
200,20,3.5,7
200,21,3.5,3
200,22,3,2
200,23,3,8
200,24,3,1
200,25,3,7
200,26,3.5,4
200,27,3,3
200,28,3.5,7
200,29,3.5,4
200,30,3.5,6
201,1,3,3
201,2,3.5,4
201,3,3.5,4
201,4,3.5,4
201,5,3.5,5
201,6,3,3
201,7,3,2
201,8,3,3
201,9,3,3
201,10,3.5,4
201,11,3,3
201,12,3.5,5
201,13,3,3
201,14,3.5,4
201,15,3,5
201,16,3,4
201,17,3.5,5
201,18,3.5,4
201,19,3,4
201,20,3.5,5
201,21,3.5,3
201,22,3,3
201,23,3,4
201,24,3,3
201,25,3,4
201,26,3.5,3
201,27,3,0
201,28,3.5,5
201,29,3.5,4
201,30,3.5,5
202,1,3.5,8
202,2,4,9
202,3,4,10
202,4,4,9
202,5,4,10
202,6,3.5,8
202,7,3.5,10
202,8,3.5,10
202,9,3.5,10
202,10,4,10
202,11,3.5,10
202,12,4,10
202,13,3.5,10
202,14,4,7
202,15,3.5,8
202,16,3.5,9
202,17,4,10
202,18,4,10
202,19,3.5,8
202,20,4,10
202,21,4,10
202,22,3.5,6
202,23,3.5,7
202,24,3.5,10
202,25,3.5,10
202,26,4,10
202,27,3.5,10
202,28,4,10
202,29,4,10
202,30,4,9
203,1,3.5,3
203,2,4,6
203,3,4,4
203,4,4,3
203,5,4,4
203,6,3.5,4
203,7,3.5,3
203,8,3.5,4
203,9,3.5,3
203,10,4,4
203,11,3.5,3
203,12,4,7
203,13,3.5,2
203,14,4,4
203,15,3.5,4
203,16,3.5,2
203,17,4,4
203,18,4,4
203,19,3.5,3
203,20,4,8
203,21,4,4
203,22,3.5,2
203,23,3.5,3
203,24,3.5,4
203,25,3.5,5
203,26,4,2
203,27,3.5,4
203,28,4,3
203,29,4,3
203,30,4,4
204,1,3.5,6
204,2,4,9
204,3,4,8
204,4,4,9
204,5,4,8
204,6,3.5,7
204,7,3.5,6
204,8,3.5,7
204,9,3.5,5
204,10,4,7
204,11,3.5,7
204,12,4,9
204,13,3.5,4
204,14,4,10
204,15,3.5,5
204,16,3.5,4
204,17,4,8
204,18,4,8
204,19,3.5,5
204,20,4,6
204,21,4,7
204,22,3.5,6
204,23,3.5,5
204,24,3.5,6
204,25,3.5,3
204,26,4,4
204,27,3.5,7
204,28,4,8
204,29,4,8
204,30,4,5
205,1,3,3
205,2,3.5,5
205,3,3.5,7
205,4,3.5,8
205,5,3.5,6
205,6,3,8
205,7,3,4
205,8,3,8
205,9,3,4
205,10,3.5,9
205,11,3,3
205,12,3.5,7
205,13,3,2
205,14,3.5,8
205,15,3,5
205,16,3,4
205,17,3.5,8
205,18,3.5,7
205,19,3,3
205,20,3.5,5
205,21,3.5,7
205,22,3,5
205,23,3,8
205,24,3,9
205,25,3,6
205,26,3.5,8
205,27,3,9
205,28,3.5,4
205,29,3.5,8
205,30,3.5,7
206,1,3.5,4
206,2,4,7
206,3,4,8
206,4,4,5
206,5,4,4
206,6,3.5,4
206,7,3.5,4
206,8,3.5,5
206,9,3.5,4
206,10,4,5
206,11,3.5,3
206,12,4,5
206,13,3.5,3
206,14,4,5
206,15,3.5,4
206,16,3.5,4
206,17,4,5
206,18,4,5
206,19,3.5,3
206,20,4,6
206,21,4,4
206,22,3.5,3
206,23,3.5,6
206,24,3.5,4
206,25,3.5,3
206,26,4,4
206,27,3.5,3
206,28,4,4
206,29,4,4
206,30,4,5
207,1,3,4
207,2,3.5,6
207,3,3.5,7
207,4,3.5,7
207,5,3.5,7
207,6,3,2
207,7,3,5
207,8,3,4
207,9,3,4
207,10,3.5,7
207,11,3,4
207,12,3.5,7
207,13,3,3
207,14,3.5,8
207,15,3,4
207,16,3,6
207,17,3.5,7
207,18,3.5,7
207,19,3,3
207,20,3.5,7
207,21,3.5,6
207,22,3,4
207,23,3,3
207,24,3,6
207,25,3,4
207,26,3.5,7
207,27,3,2
207,28,3.5,8
207,29,3.5,7
207,30,3.5,4
208,1,3,7
208,2,3.5,8
208,3,3.5,9
208,4,3.5,10
208,5,3.5,8
208,6,3,6
208,7,3,4
208,8,3,4
208,9,3,4
208,10,3.5,5
208,11,3,5
208,12,3.5,10
208,13,3,4
208,14,3.5,10
208,15,3,4
208,16,3,4
208,17,3.5,4
208,18,3.5,10
208,19,3,5
208,20,3.5,10
208,21,3.5,6
208,22,3,5
208,23,3,10
208,24,3,10
208,25,3,4
208,26,3.5,7
208,27,3,5
208,28,3.5,10
208,29,3.5,9
208,30,3.5,8
209,1,3,6
209,2,3.5,7
209,3,3.5,8
209,4,3.5,8
209,5,3.5,8
209,6,3,9
209,7,3,7
209,8,3,8
209,9,3,7
209,10,3.5,9
209,11,3,7
209,12,3.5,8
209,13,3,7
209,14,3.5,9
209,15,3,7
209,16,3,8
209,17,3.5,8
209,18,3.5,9
209,19,3,6
209,20,3.5,8
209,21,3.5,8
209,22,3,6
209,23,3,9
209,24,3,6
209,25,3,7
209,26,3.5,8
209,27,3,8
209,28,3.5,8
209,29,3.5,8
209,30,3.5,8
210,1,3.5,5
210,2,4,6
210,3,4,6
210,4,4,5
210,5,4,4
210,6,3.5,3
210,7,3.5,4
210,8,3.5,4
210,9,3.5,3
210,10,4,6
210,11,3.5,5
210,12,4,7
210,13,3.5,4
210,14,4,6
210,15,3.5,4
210,16,3.5,3
210,17,4,5
210,18,4,5
210,19,3.5,3
210,20,4,5
210,21,4,4
210,22,3.5,4
210,23,3.5,4
210,24,3.5,3
210,25,3.5,3
210,26,4,4
210,27,3.5,3
210,28,4,5
210,29,4,4
210,30,4,3
211,1,3.5,8
211,2,4,10
211,3,4,10
211,4,4,9
211,5,4,10
211,6,3.5,8
211,7,3.5,7
211,8,3.5,9
211,9,3.5,8
211,10,4,10
211,11,3.5,9
211,12,4,10
211,13,3.5,8
211,14,4,10
211,15,3.5,8
211,16,3.5,7
211,17,4,10
211,18,4,9
211,19,3.5,7
211,20,4,10
211,21,4,10
211,22,3.5,9
211,23,3.5,5
211,24,3.5,7
211,25,3.5,7
211,26,4,10
211,27,3.5,8
211,28,4,10
211,29,4,10
211,30,4,9
212,1,3,6
212,2,3.5,7
212,3,3.5,8
212,4,3.5,6
212,5,3.5,6
212,6,3,5
212,7,3,6
212,8,3,3
212,9,3,4
212,10,3.5,7
212,11,3,5
212,12,3.5,6
212,13,3,7
212,14,3.5,5
212,15,3,5
212,16,3,4
212,17,3.5,5
212,18,3.5,5
212,19,3,4
212,20,3.5,4
212,21,3.5,4
212,22,3,3
212,23,3,4
212,24,3,4
212,25,3,4
212,26,3.5,5
212,27,3,3
212,28,3.5,6
212,29,3.5,4
212,30,3.5,5
213,1,3,6
213,2,3.5,7
213,3,3.5,8
213,4,3.5,8
213,5,3.5,8
213,6,3,9
213,7,3,7
213,8,3,7
213,9,3,8
213,10,3.5,9
213,11,3,4
213,12,3.5,9
213,13,3,5
213,14,3.5,8
213,15,3,5
213,16,3,4
213,17,3.5,6
213,18,3.5,4
213,19,3,7
213,20,3.5,9
213,21,3.5,4
213,22,3,3
213,23,3,4
213,24,3,2
213,25,3,6
213,26,3.5,4
213,27,3,4
213,28,3.5,2
213,29,3.5,4
213,30,3.5,5
214,1,3,4
214,2,3.5,5
214,3,3.5,6
214,4,3.5,4
214,5,3.5,4
214,6,3,6
214,7,3,3
214,8,3,4
214,9,3,2
214,10,3.5,3
214,11,3,1
214,12,3.5,3
214,13,3,2
214,14,3.5,3
214,15,3,2
214,16,3,3
214,17,3.5,1
214,18,3.5,2
214,19,3,3
214,20,3.5,4
214,21,3.5,2
214,22,3,1
214,23,3,1
214,24,3,3
214,25,3,2
214,26,3.5,3
214,27,3,3
214,28,3.5,1
214,29,3.5,2
214,30,3.5,2
215,1,3.5,5
215,2,4,7
215,3,4,7
215,4,4,8
215,5,4,7
215,6,3.5,5
215,7,3.5,6
215,8,3.5,8
215,9,3.5,7
215,10,4,8
215,11,3.5,6
215,12,4,8
215,13,3.5,6
215,14,4,8
215,15,3.5,5
215,16,3.5,6
215,17,4,7
215,18,4,7
215,19,3.5,5
215,20,4,6
215,21,4,6
215,22,3.5,5
215,23,3.5,8
215,24,3.5,6
215,25,3.5,5
215,26,4,6
215,27,3.5,7
215,28,4,8
215,29,4,7
215,30,4,7
216,1,3.5,7
216,2,4,9
216,3,4,8
216,4,4,9
216,5,4,9
216,6,3.5,6
216,7,3.5,8
216,8,3.5,8
216,9,3.5,8
216,10,4,9
216,11,3.5,9
216,12,4,9
216,13,3.5,9
216,14,4,10
216,15,3.5,8
216,16,3.5,9
216,17,4,10
216,18,4,9
216,19,3.5,9
216,20,4,10
216,21,4,9
216,22,3.5,9
216,23,3.5,8
216,24,3.5,9
216,25,3.5,9
216,26,4,10
216,27,3.5,9
216,28,4,10
216,29,4,10
216,30,4,9
217,1,3.5,8
217,2,4,9
217,3,4,10
217,4,4,9
217,5,4,10
217,6,3.5,8
217,7,3.5,8
217,8,3.5,8
217,9,3.5,7
217,10,4,9
217,11,3.5,9
217,12,4,10
217,13,3.5,6
217,14,4,10
217,15,3.5,7
217,16,3.5,7
217,17,4,10
217,18,4,10
217,19,3.5,6
217,20,4,10
217,21,4,9
217,22,3.5,7
217,23,3.5,5
217,24,3.5,9
217,25,3.5,4
217,26,4,9
217,27,3.5,7
217,28,4,10
217,29,4,10
217,30,4,9
218,1,3,3
218,2,3.5,3
218,3,3.5,3
218,4,3.5,4
218,5,3.5,4
218,6,3,4
218,7,3,2
218,8,3,3
218,9,3,3
218,10,3.5,4
218,11,3,3
218,12,3.5,3
218,13,3,3
218,14,3.5,6
218,15,3,3
218,16,3,2
218,17,3.5,5
218,18,3.5,4
218,19,3,3
218,20,3.5,4
218,21,3.5,3
218,22,3,3
218,23,3,3
218,24,3,4
218,25,3,3
218,26,3.5,4
218,27,3,3
218,28,3.5,5
218,29,3.5,5
218,30,3.5,6
219,1,3,6
219,2,3.5,6
219,3,3.5,7
219,4,3.5,7
219,5,3.5,8
219,6,3,6
219,7,3,6
219,8,3,5
219,9,3,6
219,10,3.5,6
219,11,3,6
219,12,3.5,7
219,13,3,6
219,14,3.5,5
219,15,3,6
219,16,3,5
219,17,3.5,7
219,18,3.5,6
219,19,3,6
219,20,3.5,7
219,21,3.5,5
219,22,3,6
219,23,3,4
219,24,3,7
219,25,3,4
219,26,3.5,5
219,27,3,6
219,28,3.5,6
219,29,3.5,6
219,30,3.5,7
220,1,3,4
220,2,3.5,5
220,3,3.5,4
220,4,3.5,5
220,5,3.5,4
220,6,3,6
220,7,3,3
220,8,3,4
220,9,3,4
220,10,3.5,5
220,11,3,4
220,12,3.5,6
220,13,3,3
220,14,3.5,6
220,15,3,4
220,16,3,3
220,17,3.5,6
220,18,3.5,4
220,19,3,3
220,20,3.5,5
220,21,3.5,4
220,22,3,3
220,23,3,3
220,24,3,3
220,25,3,4
220,26,3.5,4
220,27,3,4
220,28,3.5,4
220,29,3.5,5
220,30,3.5,6
221,1,3,4
221,2,3.5,6
221,3,3.5,4
221,4,3.5,5
221,5,3.5,4
221,6,3,3
221,7,3,3
221,8,3,4
221,9,3,3
221,10,3.5,5
221,11,3,1
221,12,3.5,4
221,13,3,3
221,14,3.5,4
221,15,3,3
221,16,3,4
221,17,3.5,5
221,18,3.5,6
221,19,3,2
221,20,3.5,7
221,21,3.5,5
221,22,3,3
221,23,3,2
221,24,3,2
221,25,3,1
221,26,3.5,3
221,27,3,1
221,28,3.5,3
221,29,3.5,2
221,30,3.5,2
222,1,3,5
222,2,3.5,6
222,3,3.5,5
222,4,3.5,5
222,5,3.5,4
222,6,3,3
222,7,3,3
222,8,3,2
222,9,3,3
222,10,3.5,4
222,11,3,3
222,12,3.5,3
222,13,3,4
222,14,3.5,5
222,15,3,4
222,16,3,3
222,17,3.5,5
222,18,3.5,5
222,19,3,3
222,20,3.5,6
222,21,3.5,4
222,22,3,3
222,23,3,2
222,24,3,3
222,25,3,4
222,26,3.5,5
222,27,3,3
222,28,3.5,6
222,29,3.5,5
222,30,3.5,6
223,1,3,3
223,2,3.5,4
223,3,3.5,5
223,4,3.5,4
223,5,3.5,5
223,6,3,3
223,7,3,3
223,8,3,3
223,9,3,3
223,10,3.5,5
223,11,3,5
223,12,3.5,3
223,13,3,2
223,14,3.5,3
223,15,3,3
223,16,3,3
223,17,3.5,5
223,18,3.5,3
223,19,3,4
223,20,3.5,4
223,21,3.5,6
223,22,3,4
223,23,3,2
223,24,3,3
223,25,3,3
223,26,3.5,3
223,27,3,2
223,28,3.5,4
223,29,3.5,5
223,30,3.5,4
